date,temperature_2m_max,temperature_2m_min,precipitation_sum,city
2024-01-01,31.6,20.0,0.0,Mumbai
2024-01-02,31.0,19.9,0.0,Mumbai
2024-01-03,30.1,19.4,0.0,Mumbai
2024-01-04,28.9,19.0,0.0,Mumbai
2024-01-05,29.8,18.0,0.0,Mumbai
2024-01-06,31.8,19.4,0.0,Mumbai
2024-01-07,31.7,20.9,0.0,Mumbai
2024-01-08,32.8,21.5,0.0,Mumbai
2024-01-09,30.7,22.8,0.7,Mumbai
2024-01-10,30.5,21.9,0.7,Mumbai
2024-01-11,32.8,22.5,0.8,Mumbai
2024-01-12,34.2,22.8,0.0,Mumbai
2024-01-13,32.9,20.6,0.0,Mumbai
2024-01-14,32.7,21.2,0.0,Mumbai
2024-01-15,30.0,20.0,0.0,Mumbai
2024-01-16,28.4,17.7,0.0,Mumbai
2024-01-17,27.5,16.5,0.0,Mumbai
2024-01-18,27.9,17.0,0.0,Mumbai
2024-01-19,27.7,16.7,0.0,Mumbai
2024-01-20,28.4,18.1,0.0,Mumbai
2024-01-21,30.2,17.5,0.0,Mumbai
2024-01-22,29.8,17.2,0.0,Mumbai
2024-01-23,29.7,19.4,0.0,Mumbai
2024-01-24,30.5,18.5,0.0,Mumbai
2024-01-25,31.1,18.0,0.0,Mumbai
2024-01-26,32.0,17.0,0.0,Mumbai
2024-01-27,32.7,18.3,0.0,Mumbai
2024-01-28,32.7,17.5,0.0,Mumbai
2024-01-29,32.0,19.7,0.0,Mumbai
2024-01-30,31.4,19.5,0.0,Mumbai
2024-01-31,29.5,19.2,0.0,Mumbai
2024-02-01,28.2,18.9,0.0,Mumbai
2024-02-02,30.1,18.9,0.0,Mumbai
2024-02-03,34.2,20.0,0.0,Mumbai
2024-02-04,33.5,20.0,0.0,Mumbai
2024-02-05,32.2,21.7,0.0,Mumbai
2024-02-06,32.0,21.1,0.0,Mumbai
2024-02-07,32.4,21.4,0.0,Mumbai
2024-02-08,32.2,20.9,0.0,Mumbai
2024-02-09,31.0,18.6,0.0,Mumbai
2024-02-10,30.9,20.1,0.0,Mumbai
2024-02-11,31.0,18.2,0.0,Mumbai
2024-02-12,31.5,17.9,0.0,Mumbai
2024-02-13,31.8,19.8,0.0,Mumbai
2024-02-14,33.0,20.5,0.0,Mumbai
2024-02-15,32.7,20.0,0.0,Mumbai
2024-02-16,34.5,19.6,0.0,Mumbai
2024-02-17,33.5,19.6,0.0,Mumbai
2024-02-18,34.8,20.6,0.0,Mumbai
2024-02-19,32.3,19.4,0.0,Mumbai
2024-02-20,31.5,20.3,0.0,Mumbai
2024-02-21,28.8,19.2,0.1,Mumbai
2024-02-22,28.6,20.5,0.2,Mumbai
2024-02-23,30.1,18.6,0.0,Mumbai
2024-02-24,31.8,19.6,0.0,Mumbai
2024-02-25,34.3,18.8,0.0,Mumbai
2024-02-26,34.8,18.5,0.0,Mumbai
2024-02-27,34.0,20.9,0.0,Mumbai
2024-02-28,35.2,22.5,0.0,Mumbai
2024-02-29,34.4,22.5,0.0,Mumbai
2024-03-01,33.8,23.1,0.0,Mumbai
2024-03-02,30.1,22.0,0.0,Mumbai
2024-03-03,28.0,20.5,0.2,Mumbai
2024-03-04,28.4,18.0,0.0,Mumbai
2024-03-05,30.5,17.5,0.0,Mumbai
2024-03-06,31.0,18.3,0.0,Mumbai
2024-03-07,32.7,20.0,0.0,Mumbai
2024-03-08,35.0,21.3,0.0,Mumbai
2024-03-09,35.0,20.6,0.0,Mumbai
2024-03-10,32.8,21.0,0.0,Mumbai
2024-03-11,34.5,20.4,0.0,Mumbai
2024-03-12,34.8,21.9,0.0,Mumbai
2024-03-13,31.5,21.6,0.0,Mumbai
2024-03-14,31.0,20.8,0.0,Mumbai
2024-03-15,30.0,19.8,0.0,Mumbai
2024-03-16,30.4,19.0,0.0,Mumbai
2024-03-17,31.6,20.0,0.0,Mumbai
2024-03-18,31.5,21.9,0.0,Mumbai
2024-03-19,33.0,22.0,0.0,Mumbai
2024-03-20,38.0,21.2,0.0,Mumbai
2024-03-21,37.8,22.3,0.0,Mumbai
2024-03-22,33.8,22.0,0.0,Mumbai
2024-03-23,33.2,20.7,0.0,Mumbai
2024-03-24,31.8,21.3,0.0,Mumbai
2024-03-25,32.5,22.2,0.0,Mumbai
2024-03-26,34.2,21.1,0.0,Mumbai
2024-03-27,33.1,22.1,0.0,Mumbai
2024-03-28,33.0,22.7,0.0,Mumbai
2024-03-29,34.7,23.2,0.0,Mumbai
2024-03-30,34.2,23.5,0.0,Mumbai
2024-03-31,34.0,23.6,0.0,Mumbai
2024-04-01,33.8,24.4,0.0,Mumbai
2024-04-02,33.2,21.3,0.0,Mumbai
2024-04-03,33.4,21.5,0.0,Mumbai
2024-04-04,32.9,22.1,0.0,Mumbai
2024-04-05,35.4,23.1,0.0,Mumbai
2024-04-06,36.8,25.8,0.0,Mumbai
2024-04-07,36.5,25.8,0.0,Mumbai
2024-04-08,33.3,21.9,0.0,Mumbai
2024-04-09,34.2,21.7,0.0,Mumbai
2024-04-10,33.3,23.2,0.0,Mumbai
2024-04-11,33.5,22.6,0.0,Mumbai
2024-04-12,33.8,23.1,0.0,Mumbai
2024-04-13,31.5,22.5,0.0,Mumbai
2024-04-14,32.6,21.6,0.0,Mumbai
2024-04-15,36.3,24.4,0.0,Mumbai
2024-04-16,41.3,27.8,0.0,Mumbai
2024-04-17,33.8,27.9,0.0,Mumbai
2024-04-18,34.3,27.0,0.0,Mumbai
2024-04-19,35.7,26.5,0.0,Mumbai
2024-04-20,35.7,26.1,0.0,Mumbai
2024-04-21,34.0,24.3,0.0,Mumbai
2024-04-22,34.2,25.8,0.0,Mumbai
2024-04-23,34.3,24.2,0.0,Mumbai
2024-04-24,33.8,23.8,0.0,Mumbai
2024-04-25,34.3,24.6,0.0,Mumbai
2024-04-26,35.2,25.7,0.0,Mumbai
2024-04-27,36.1,26.0,0.0,Mumbai
2024-04-28,39.3,27.0,0.0,Mumbai
2024-04-29,38.2,26.8,0.0,Mumbai
2024-04-30,37.6,25.8,0.0,Mumbai
2024-05-01,34.5,25.0,0.0,Mumbai
2024-05-02,33.4,24.2,0.0,Mumbai
2024-05-03,33.2,23.2,0.0,Mumbai
2024-05-04,33.2,24.0,0.0,Mumbai
2024-05-05,34.7,24.9,0.0,Mumbai
2024-05-06,33.2,25.5,0.0,Mumbai
2024-05-07,33.3,25.5,0.0,Mumbai
2024-05-08,33.0,26.5,0.0,Mumbai
2024-05-09,32.8,26.2,0.0,Mumbai
2024-05-10,33.2,26.1,0.0,Mumbai
2024-05-11,33.5,26.3,0.0,Mumbai
2024-05-12,33.8,27.1,0.0,Mumbai
2024-05-13,34.8,27.5,1.8,Mumbai
2024-05-14,37.5,27.5,0.0,Mumbai
2024-05-15,36.0,26.7,0.0,Mumbai
2024-05-16,38.9,27.1,0.1,Mumbai
2024-05-17,36.2,28.3,0.0,Mumbai
2024-05-18,34.7,27.6,0.0,Mumbai
2024-05-19,34.1,26.5,5.6,Mumbai
2024-05-20,35.1,29.1,0.0,Mumbai
2024-05-21,35.3,28.5,0.1,Mumbai
2024-05-22,34.5,28.9,0.3,Mumbai
2024-05-23,34.2,28.0,0.0,Mumbai
2024-05-24,34.7,28.1,0.2,Mumbai
2024-05-25,33.7,28.5,0.7,Mumbai
2024-05-26,33.4,29.0,0.5,Mumbai
2024-05-27,33.5,29.2,0.5,Mumbai
2024-05-28,33.7,28.9,0.6,Mumbai
2024-05-29,34.0,29.1,0.4,Mumbai
2024-05-30,34.5,29.0,0.2,Mumbai
2024-05-31,34.3,28.0,0.6,Mumbai
2024-06-01,34.0,27.5,0.8,Mumbai
2024-06-02,34.5,28.0,0.3,Mumbai
2024-06-03,34.2,28.6,0.7,Mumbai
2024-06-04,33.5,27.8,4.8,Mumbai
2024-06-05,33.8,26.5,6.7,Mumbai
2024-06-06,34.1,26.5,1.2,Mumbai
2024-06-07,33.5,28.0,1.1,Mumbai
2024-06-08,34.3,26.5,6.3,Mumbai
2024-06-09,31.6,26.0,23.0,Mumbai
2024-06-10,29.8,25.7,33.2,Mumbai
2024-06-11,30.2,25.6,10.8,Mumbai
2024-06-12,30.0,25.6,14.3,Mumbai
2024-06-13,30.0,26.2,13.6,Mumbai
2024-06-14,29.2,25.8,8.6,Mumbai
2024-06-15,29.8,25.8,2.2,Mumbai
2024-06-16,31.0,26.1,1.4,Mumbai
2024-06-17,31.5,26.5,7.4,Mumbai
2024-06-18,29.8,26.1,30.3,Mumbai
2024-06-19,29.2,26.0,23.3,Mumbai
2024-06-20,28.5,26.1,48.6,Mumbai
2024-06-21,31.1,24.9,22.9,Mumbai
2024-06-22,30.2,25.3,5.3,Mumbai
2024-06-23,29.8,25.8,4.2,Mumbai
2024-06-24,29.6,26.0,11.3,Mumbai
2024-06-25,30.6,26.1,6.8,Mumbai
2024-06-26,30.5,26.9,23.0,Mumbai
2024-06-27,28.8,26.5,98.7,Mumbai
2024-06-28,28.2,26.0,45.3,Mumbai
2024-06-29,30.0,25.9,21.3,Mumbai
2024-06-30,29.4,26.2,21.3,Mumbai
2024-07-01,30.6,26.8,16.3,Mumbai
2024-07-02,30.4,26.1,8.1,Mumbai
2024-07-03,30.0,26.3,8.9,Mumbai
2024-07-04,29.0,26.5,8.7,Mumbai
2024-07-05,29.1,25.9,12.2,Mumbai
2024-07-06,29.5,25.8,17.6,Mumbai
2024-07-07,29.2,25.6,11.8,Mumbai
2024-07-08,28.5,25.7,20.7,Mumbai
2024-07-09,27.0,25.5,80.2,Mumbai
2024-07-10,28.8,25.2,36.0,Mumbai
2024-07-11,28.8,24.6,39.1,Mumbai
2024-07-12,26.9,25.2,83.3,Mumbai
2024-07-13,26.5,25.2,76.7,Mumbai
2024-07-14,26.5,24.5,50.5,Mumbai
2024-07-15,28.0,24.9,10.2,Mumbai
2024-07-16,29.0,25.2,17.6,Mumbai
2024-07-17,27.6,25.8,45.3,Mumbai
2024-07-18,28.1,25.7,57.6,Mumbai
2024-07-19,27.3,25.6,48.3,Mumbai
2024-07-20,27.7,25.9,87.0,Mumbai
2024-07-21,27.1,25.9,48.9,Mumbai
2024-07-22,26.9,25.7,54.7,Mumbai
2024-07-23,26.5,25.5,42.1,Mumbai
2024-07-24,27.0,25.5,54.4,Mumbai
2024-07-25,27.4,25.1,74.2,Mumbai
2024-07-26,28.5,25.3,22.9,Mumbai
2024-07-27,28.8,25.8,8.2,Mumbai
2024-07-28,29.2,26.0,19.0,Mumbai
2024-07-29,27.7,25.6,34.2,Mumbai
2024-07-30,28.1,25.2,17.4,Mumbai
2024-07-31,28.6,24.9,22.1,Mumbai
2024-08-01,29.4,25.1,15.8,Mumbai
2024-08-02,28.3,25.3,28.2,Mumbai
2024-08-03,27.5,25.6,24.5,Mumbai
2024-08-04,27.0,25.5,39.4,Mumbai
2024-08-05,28.9,25.6,5.8,Mumbai
2024-08-06,28.6,25.5,5.2,Mumbai
2024-08-07,28.8,25.3,5.6,Mumbai
2024-08-08,28.6,25.5,4.2,Mumbai
2024-08-09,27.8,25.1,15.5,Mumbai
2024-08-10,28.1,25.0,4.7,Mumbai
2024-08-11,29.2,25.9,2.4,Mumbai
2024-08-12,28.9,25.7,2.9,Mumbai
2024-08-13,28.8,25.4,3.6,Mumbai
2024-08-14,29.1,25.5,1.9,Mumbai
2024-08-15,29.4,25.4,1.2,Mumbai
2024-08-16,29.5,25.8,0.9,Mumbai
2024-08-17,29.6,25.6,0.5,Mumbai
2024-08-18,29.9,25.5,2.9,Mumbai
2024-08-19,29.0,25.5,16.7,Mumbai
2024-08-20,28.6,25.0,28.8,Mumbai
2024-08-21,30.3,25.3,0.2,Mumbai
2024-08-22,30.0,25.9,4.7,Mumbai
2024-08-23,28.5,25.9,16.0,Mumbai
2024-08-24,26.5,25.2,61.7,Mumbai
2024-08-25,27.6,24.7,28.0,Mumbai
2024-08-26,27.0,24.4,22.6,Mumbai
2024-08-27,27.5,24.8,17.9,Mumbai
2024-08-28,28.9,25.0,14.4,Mumbai
2024-08-29,29.0,26.1,5.1,Mumbai
2024-08-30,29.0,25.1,6.5,Mumbai
2024-08-31,28.9,25.2,2.1,Mumbai
2024-09-01,27.8,25.3,2.3,Mumbai
2024-09-02,27.2,24.9,29.6,Mumbai
2024-09-03,27.2,24.8,13.0,Mumbai
2024-09-04,28.3,25.1,17.1,Mumbai
2024-09-05,28.2,25.2,27.9,Mumbai
2024-09-06,28.4,25.0,14.7,Mumbai
2024-09-07,28.3,25.1,10.0,Mumbai
2024-09-08,28.7,24.9,4.2,Mumbai
2024-09-09,28.8,25.0,2.0,Mumbai
2024-09-10,28.5,25.0,3.9,Mumbai
2024-09-11,28.1,24.9,4.6,Mumbai
2024-09-12,28.4,24.9,8.2,Mumbai
2024-09-13,28.6,24.6,4.5,Mumbai
2024-09-14,27.9,23.8,9.1,Mumbai
2024-09-15,27.4,23.5,3.9,Mumbai
2024-09-16,28.7,23.8,2.4,Mumbai
2024-09-17,28.9,23.1,0.2,Mumbai
2024-09-18,29.2,23.4,0.8,Mumbai
2024-09-19,29.5,24.5,1.0,Mumbai
2024-09-20,28.4,23.3,5.2,Mumbai
2024-09-21,29.7,23.9,1.9,Mumbai
2024-09-22,29.6,25.0,2.2,Mumbai
2024-09-23,28.9,26.0,5.7,Mumbai
2024-09-24,29.0,24.7,23.1,Mumbai
2024-09-25,28.0,24.3,36.4,Mumbai
2024-09-26,26.5,24.5,48.0,Mumbai
2024-09-27,26.8,25.5,61.7,Mumbai
2024-09-28,28.0,24.9,5.8,Mumbai
2024-09-29,28.6,25.0,4.6,Mumbai
2024-09-30,29.7,24.7,1.6,Mumbai
2024-10-01,31.5,25.0,0.6,Mumbai
2024-10-02,30.7,26.0,1.3,Mumbai
2024-10-03,30.0,25.4,1.4,Mumbai
2024-10-04,29.5,25.2,1.4,Mumbai
2024-10-05,29.5,24.3,1.1,Mumbai
2024-10-06,31.2,24.3,21.4,Mumbai
2024-10-07,31.6,24.8,0.6,Mumbai
2024-10-08,32.2,25.2,0.0,Mumbai
2024-10-09,29.1,25.0,6.4,Mumbai
2024-10-10,29.6,24.4,6.4,Mumbai
2024-10-11,31.5,25.0,22.0,Mumbai
2024-10-12,31.4,24.2,0.7,Mumbai
2024-10-13,30.6,24.8,2.0,Mumbai
2024-10-14,31.5,24.1,5.2,Mumbai
2024-10-15,29.6,24.4,0.0,Mumbai
2024-10-16,30.7,24.6,8.6,Mumbai
2024-10-17,29.0,25.2,2.9,Mumbai
2024-10-18,31.9,24.7,12.4,Mumbai
2024-10-19,30.0,24.0,7.9,Mumbai
2024-10-20,29.8,24.0,6.8,Mumbai
2024-10-21,30.4,23.9,13.3,Mumbai
2024-10-22,30.3,23.5,7.3,Mumbai
2024-10-23,31.4,24.1,0.0,Mumbai
2024-10-24,32.5,24.5,0.0,Mumbai
2024-10-25,31.1,22.5,0.0,Mumbai
2024-10-26,32.5,22.0,0.0,Mumbai
2024-10-27,31.6,22.0,0.0,Mumbai
2024-10-28,31.8,23.0,0.0,Mumbai
2024-10-29,31.2,24.5,0.0,Mumbai
2024-10-30,32.7,24.0,0.0,Mumbai
2024-10-31,32.4,24.1,0.0,Mumbai
2024-11-01,31.2,24.5,0.3,Mumbai
2024-11-02,33.0,24.1,0.0,Mumbai
2024-11-03,34.2,22.2,0.0,Mumbai
2024-11-04,34.0,22.8,0.0,Mumbai
2024-11-05,34.3,22.6,0.0,Mumbai
2024-11-06,33.7,22.0,0.0,Mumbai
2024-11-07,33.5,21.6,0.0,Mumbai
2024-11-08,33.8,22.2,0.0,Mumbai
2024-11-09,34.1,22.0,0.0,Mumbai
2024-11-10,33.7,21.6,0.0,Mumbai
2024-11-11,33.3,22.9,0.0,Mumbai
2024-11-12,33.5,22.2,0.0,Mumbai
2024-11-13,34.8,23.4,0.0,Mumbai
2024-11-14,35.4,23.0,0.0,Mumbai
2024-11-15,33.9,25.1,0.3,Mumbai
2024-11-16,34.3,25.4,0.0,Mumbai
2024-11-17,35.8,25.7,0.0,Mumbai
2024-11-18,34.8,24.2,0.0,Mumbai
2024-11-19,33.8,22.0,0.0,Mumbai
2024-11-20,33.0,22.0,0.0,Mumbai
2024-11-21,33.0,21.4,0.0,Mumbai
2024-11-22,32.7,20.9,0.0,Mumbai
2024-11-23,32.0,21.6,0.0,Mumbai
2024-11-24,33.0,21.6,0.0,Mumbai
2024-11-25,32.8,21.4,0.0,Mumbai
2024-11-26,32.3,20.7,0.0,Mumbai
2024-11-27,32.6,20.4,0.0,Mumbai
2024-11-28,32.1,19.9,0.0,Mumbai
2024-11-29,31.4,20.2,0.0,Mumbai
2024-11-30,31.4,19.9,0.0,Mumbai
2024-12-01,32.5,20.5,0.0,Mumbai
2024-12-02,33.8,22.8,0.0,Mumbai
2024-12-03,33.5,25.6,0.2,Mumbai
2024-12-04,34.2,26.5,0.2,Mumbai
2024-12-05,34.2,25.8,0.0,Mumbai
2024-12-06,32.7,25.2,0.0,Mumbai
2024-12-07,32.8,24.3,0.0,Mumbai
2024-12-08,31.1,21.1,0.0,Mumbai
2024-12-09,30.9,20.4,0.0,Mumbai
2024-12-10,31.4,20.4,0.0,Mumbai
2024-12-11,33.5,21.1,0.0,Mumbai
2024-12-12,31.1,20.5,0.0,Mumbai
2024-12-13,32.2,21.2,0.0,Mumbai
2024-12-14,32.8,20.1,0.0,Mumbai
2024-12-15,33.2,19.0,0.0,Mumbai
2024-12-16,32.3,18.3,0.0,Mumbai
2024-12-17,30.8,17.8,0.0,Mumbai
2024-12-18,32.2,18.2,0.0,Mumbai
2024-12-19,29.6,17.9,0.0,Mumbai
2024-12-20,28.1,19.5,0.0,Mumbai
2024-12-21,27.9,19.2,0.0,Mumbai
2024-12-22,27.8,20.9,0.0,Mumbai
2024-12-23,27.3,21.1,0.0,Mumbai
2024-12-24,28.5,20.6,0.0,Mumbai
2024-12-25,28.7,20.3,0.0,Mumbai
2024-12-26,29.5,21.5,0.0,Mumbai
2024-12-27,28.2,21.7,0.0,Mumbai
2024-12-28,29.9,21.7,0.3,Mumbai
2024-12-29,30.4,22.1,0.0,Mumbai
2024-12-30,32.5,23.4,0.0,Mumbai
2024-12-31,33.2,22.8,0.0,Mumbai
2024-01-01,16.1,5.9,0.0,Delhi
2024-01-02,15.3,4.6,0.0,Delhi
2024-01-03,15.9,4.8,0.0,Delhi
2024-01-04,17.9,5.2,0.0,Delhi
2024-01-05,17.2,7.3,0.1,Delhi
2024-01-06,16.9,6.3,0.0,Delhi
2024-01-07,17.5,6.1,0.0,Delhi
2024-01-08,18.4,5.5,0.0,Delhi
2024-01-09,18.0,6.2,0.0,Delhi
2024-01-10,15.8,4.6,0.0,Delhi
2024-01-11,15.4,5.6,0.0,Delhi
2024-01-12,17.4,5.6,0.0,Delhi
2024-01-13,18.1,5.8,0.0,Delhi
2024-01-14,18.0,4.8,0.0,Delhi
2024-01-15,16.0,4.9,0.0,Delhi
2024-01-16,17.5,3.8,0.0,Delhi
2024-01-17,17.8,4.0,0.0,Delhi
2024-01-18,17.5,6.0,0.0,Delhi
2024-01-19,16.8,6.2,0.0,Delhi
2024-01-20,16.0,5.1,0.0,Delhi
2024-01-21,16.0,5.2,0.0,Delhi
2024-01-22,16.9,5.0,0.0,Delhi
2024-01-23,17.3,4.8,0.0,Delhi
2024-01-24,18.1,6.3,0.0,Delhi
2024-01-25,17.5,5.6,0.0,Delhi
2024-01-26,18.5,6.0,0.0,Delhi
2024-01-27,20.5,6.9,0.0,Delhi
2024-01-28,20.2,6.9,0.0,Delhi
2024-01-29,21.3,9.4,0.0,Delhi
2024-01-30,20.5,10.0,0.0,Delhi
2024-01-31,20.1,9.9,9.0,Delhi
2024-02-01,21.2,12.2,30.0,Delhi
2024-02-02,19.3,8.5,0.0,Delhi
2024-02-03,20.6,8.2,0.0,Delhi
2024-02-04,20.7,12.9,7.1,Delhi
2024-02-05,19.8,10.3,2.1,Delhi
2024-02-06,18.6,7.4,0.0,Delhi
2024-02-07,18.4,7.9,0.0,Delhi
2024-02-08,19.0,8.1,0.0,Delhi
2024-02-09,20.5,8.1,0.0,Delhi
2024-02-10,19.7,7.2,0.0,Delhi
2024-02-11,21.5,8.1,0.0,Delhi
2024-02-12,21.5,7.7,0.0,Delhi
2024-02-13,21.1,8.4,0.0,Delhi
2024-02-14,22.6,9.6,0.0,Delhi
2024-02-15,23.6,9.7,0.0,Delhi
2024-02-16,24.5,8.6,0.0,Delhi
2024-02-17,24.5,9.6,0.0,Delhi
2024-02-18,27.1,9.9,0.0,Delhi
2024-02-19,26.8,14.7,0.0,Delhi
2024-02-20,27.3,15.2,0.2,Delhi
2024-02-21,25.9,12.1,0.0,Delhi
2024-02-22,24.0,10.9,0.0,Delhi
2024-02-23,22.8,8.5,0.0,Delhi
2024-02-24,23.4,9.3,0.0,Delhi
2024-02-25,25.0,10.4,0.0,Delhi
2024-02-26,24.6,11.1,0.0,Delhi
2024-02-27,24.5,14.1,0.9,Delhi
2024-02-28,24.0,11.4,0.0,Delhi
2024-02-29,26.2,12.0,0.0,Delhi
2024-03-01,26.5,13.9,1.7,Delhi
2024-03-02,24.6,17.2,6.5,Delhi
2024-03-03,22.7,13.4,10.4,Delhi
2024-03-04,21.6,11.1,0.0,Delhi
2024-03-05,20.9,8.9,0.0,Delhi
2024-03-06,21.0,9.1,0.0,Delhi
2024-03-07,24.2,10.1,0.0,Delhi
2024-03-08,25.4,11.3,0.0,Delhi
2024-03-09,25.2,11.8,0.0,Delhi
2024-03-10,26.5,11.9,0.0,Delhi
2024-03-11,29.5,14.8,0.0,Delhi
2024-03-12,29.0,13.9,0.0,Delhi
2024-03-13,29.4,13.9,0.2,Delhi
2024-03-14,29.2,14.1,0.0,Delhi
2024-03-15,27.1,14.3,0.0,Delhi
2024-03-16,27.5,12.6,0.0,Delhi
2024-03-17,28.8,11.8,0.0,Delhi
2024-03-18,28.5,12.9,0.0,Delhi
2024-03-19,29.8,13.6,0.0,Delhi
2024-03-20,32.0,14.1,0.0,Delhi
2024-03-21,29.1,16.9,0.0,Delhi
2024-03-22,32.4,17.8,0.0,Delhi
2024-03-23,33.8,18.0,0.0,Delhi
2024-03-24,31.0,18.5,0.1,Delhi
2024-03-25,32.8,16.6,0.0,Delhi
2024-03-26,33.5,18.5,0.0,Delhi
2024-03-27,36.4,21.5,0.0,Delhi
2024-03-28,37.0,21.9,0.0,Delhi
2024-03-29,36.5,20.9,0.0,Delhi
2024-03-30,35.2,22.8,0.0,Delhi
2024-03-31,34.3,20.0,0.0,Delhi
2024-04-01,31.3,18.7,0.0,Delhi
2024-04-02,32.9,17.0,0.0,Delhi
2024-04-03,35.8,21.8,0.0,Delhi
2024-04-04,36.4,20.5,0.0,Delhi
2024-04-05,35.6,21.2,0.0,Delhi
2024-04-06,35.0,19.6,0.0,Delhi
2024-04-07,35.4,17.5,0.0,Delhi
2024-04-08,36.8,19.0,0.0,Delhi
2024-04-09,37.8,19.9,0.0,Delhi
2024-04-10,38.5,19.8,0.0,Delhi
2024-04-11,38.0,22.1,0.0,Delhi
2024-04-12,38.8,21.8,0.0,Delhi
2024-04-13,38.5,25.3,1.2,Delhi
2024-04-14,33.8,22.8,0.5,Delhi
2024-04-15,36.3,22.2,1.3,Delhi
2024-04-16,35.7,23.5,0.0,Delhi
2024-04-17,35.3,22.2,0.0,Delhi
2024-04-18,37.8,23.6,0.0,Delhi
2024-04-19,38.3,24.6,0.0,Delhi
2024-04-20,36.7,22.3,0.0,Delhi
2024-04-21,36.6,23.6,0.0,Delhi
2024-04-22,37.0,24.5,0.0,Delhi
2024-04-23,38.0,22.6,0.0,Delhi
2024-04-24,36.8,21.0,0.0,Delhi
2024-04-25,38.2,21.5,0.0,Delhi
2024-04-26,39.2,23.4,0.0,Delhi
2024-04-27,37.8,26.0,0.0,Delhi
2024-04-28,37.5,22.7,0.0,Delhi
2024-04-29,38.0,23.6,0.0,Delhi
2024-04-30,36.2,23.2,0.0,Delhi
2024-05-01,32.7,20.5,0.0,Delhi
2024-05-02,35.0,19.3,0.0,Delhi
2024-05-03,38.0,20.7,0.0,Delhi
2024-05-04,40.5,26.5,0.0,Delhi
2024-05-05,40.9,25.0,0.0,Delhi
2024-05-06,40.6,26.0,0.0,Delhi
2024-05-07,41.4,26.1,0.0,Delhi
2024-05-08,39.7,27.0,0.0,Delhi
2024-05-09,39.6,26.2,0.0,Delhi
2024-05-10,39.5,26.0,1.1,Delhi
2024-05-11,38.8,26.0,0.1,Delhi
2024-05-12,37.8,27.5,0.1,Delhi
2024-05-13,40.3,27.2,0.0,Delhi
2024-05-14,40.7,24.5,0.0,Delhi
2024-05-15,42.2,25.4,0.0,Delhi
2024-05-16,42.7,26.5,0.0,Delhi
2024-05-17,44.0,28.0,0.0,Delhi
2024-05-18,44.0,27.0,0.0,Delhi
2024-05-19,44.8,27.7,0.0,Delhi
2024-05-20,43.6,29.1,0.0,Delhi
2024-05-21,42.6,29.1,0.0,Delhi
2024-05-22,41.1,29.8,0.3,Delhi
2024-05-23,41.0,30.5,0.0,Delhi
2024-05-24,40.8,30.4,0.0,Delhi
2024-05-25,44.3,30.5,0.0,Delhi
2024-05-26,46.0,29.5,0.0,Delhi
2024-05-27,45.7,30.1,0.0,Delhi
2024-05-28,45.8,28.9,0.0,Delhi
2024-05-29,45.7,31.1,0.0,Delhi
2024-05-30,45.8,33.0,0.0,Delhi
2024-05-31,45.8,28.5,0.0,Delhi
2024-06-01,44.0,31.3,0.0,Delhi
2024-06-02,41.4,30.5,0.0,Delhi
2024-06-03,44.4,29.5,0.0,Delhi
2024-06-04,43.1,30.9,0.0,Delhi
2024-06-05,41.7,30.1,0.0,Delhi
2024-06-06,40.8,28.1,0.0,Delhi
2024-06-07,42.2,28.9,0.0,Delhi
2024-06-08,40.2,28.3,0.0,Delhi
2024-06-09,42.2,28.3,0.0,Delhi
2024-06-10,43.0,27.9,0.0,Delhi
2024-06-11,43.2,28.9,0.0,Delhi
2024-06-12,44.1,28.8,0.0,Delhi
2024-06-13,44.8,29.6,0.0,Delhi
2024-06-14,43.3,32.8,0.0,Delhi
2024-06-15,43.3,32.2,0.0,Delhi
2024-06-16,44.0,32.8,0.0,Delhi
2024-06-17,44.0,33.7,0.0,Delhi
2024-06-18,44.2,34.5,0.0,Delhi
2024-06-19,41.3,33.7,0.8,Delhi
2024-06-20,39.2,25.5,4.9,Delhi
2024-06-21,38.2,25.4,2.1,Delhi
2024-06-22,38.5,29.9,0.0,Delhi
2024-06-23,39.5,30.1,0.3,Delhi
2024-06-24,39.5,31.0,1.7,Delhi
2024-06-25,36.6,29.8,4.0,Delhi
2024-06-26,34.3,26.8,23.3,Delhi
2024-06-27,30.4,25.4,11.5,Delhi
2024-06-28,30.5,25.6,20.9,Delhi
2024-06-29,32.9,26.5,18.9,Delhi
2024-06-30,34.8,26.8,11.9,Delhi
2024-07-01,34.1,25.9,11.5,Delhi
2024-07-02,33.6,26.4,14.1,Delhi
2024-07-03,32.9,26.0,2.5,Delhi
2024-07-04,31.6,25.5,7.3,Delhi
2024-07-05,30.4,26.2,0.7,Delhi
2024-07-06,33.0,26.0,1.0,Delhi
2024-07-07,33.5,25.5,0.1,Delhi
2024-07-08,33.2,25.2,0.0,Delhi
2024-07-09,32.4,26.1,4.9,Delhi
2024-07-10,34.1,26.5,11.3,Delhi
2024-07-11,36.3,26.8,3.9,Delhi
2024-07-12,35.2,27.0,0.5,Delhi
2024-07-13,34.2,25.1,12.4,Delhi
2024-07-14,34.8,27.0,0.3,Delhi
2024-07-15,33.2,25.5,3.0,Delhi
2024-07-16,34.2,25.6,17.0,Delhi
2024-07-17,34.7,28.1,0.2,Delhi
2024-07-18,34.7,27.6,2.0,Delhi
2024-07-19,34.4,27.2,0.9,Delhi
2024-07-20,35.0,27.0,0.2,Delhi
2024-07-21,34.8,27.2,1.9,Delhi
2024-07-22,34.6,27.8,5.0,Delhi
2024-07-23,34.8,27.0,4.3,Delhi
2024-07-24,33.7,26.4,6.9,Delhi
2024-07-25,34.7,27.2,0.6,Delhi
2024-07-26,33.0,27.4,10.2,Delhi
2024-07-27,34.0,28.0,4.5,Delhi
2024-07-28,35.1,28.6,6.0,Delhi
2024-07-29,35.7,28.3,0.3,Delhi
2024-07-30,36.4,29.0,0.1,Delhi
2024-07-31,37.0,26.5,116.0,Delhi
2024-08-01,31.2,25.5,34.7,Delhi
2024-08-02,32.2,25.5,3.0,Delhi
2024-08-03,32.4,26.0,1.9,Delhi
2024-08-04,33.5,26.9,0.1,Delhi
2024-08-05,32.6,26.4,1.2,Delhi
2024-08-06,31.8,26.4,0.1,Delhi
2024-08-07,30.0,25.5,16.4,Delhi
2024-08-08,31.5,25.5,10.8,Delhi
2024-08-09,31.8,25.2,30.8,Delhi
2024-08-10,31.2,24.9,16.7,Delhi
2024-08-11,30.9,25.5,11.4,Delhi
2024-08-12,30.0,25.5,10.9,Delhi
2024-08-13,30.8,25.2,9.1,Delhi
2024-08-14,30.6,25.9,7.8,Delhi
2024-08-15,32.2,25.9,10.9,Delhi
2024-08-16,32.3,25.5,15.0,Delhi
2024-08-17,31.9,25.7,7.7,Delhi
2024-08-18,32.7,26.2,2.3,Delhi
2024-08-19,32.7,26.1,1.6,Delhi
2024-08-20,31.6,26.4,4.3,Delhi
2024-08-21,32.0,25.0,5.4,Delhi
2024-08-22,32.8,24.7,7.0,Delhi
2024-08-23,30.7,24.9,0.9,Delhi
2024-08-24,31.5,25.3,8.8,Delhi
2024-08-25,32.2,24.9,15.2,Delhi
2024-08-26,31.5,26.0,3.8,Delhi
2024-08-27,31.1,24.3,11.1,Delhi
2024-08-28,30.2,24.2,7.9,Delhi
2024-08-29,30.9,24.4,19.5,Delhi
2024-08-30,31.2,25.0,7.5,Delhi
2024-08-31,33.3,25.6,0.0,Delhi
2024-09-01,33.5,25.9,0.1,Delhi
2024-09-02,31.5,25.1,11.7,Delhi
2024-09-03,31.5,25.4,17.8,Delhi
2024-09-04,30.8,24.4,0.9,Delhi
2024-09-05,31.5,24.8,2.9,Delhi
2024-09-06,30.5,24.2,14.7,Delhi
2024-09-07,30.4,24.1,23.6,Delhi
2024-09-08,31.3,24.4,14.1,Delhi
2024-09-09,32.7,25.1,3.4,Delhi
2024-09-10,30.6,24.9,11.8,Delhi
2024-09-11,31.6,25.0,26.7,Delhi
2024-09-12,27.2,23.9,100.8,Delhi
2024-09-13,30.0,23.3,54.7,Delhi
2024-09-14,29.9,22.5,4.7,Delhi
2024-09-15,31.2,22.5,0.1,Delhi
2024-09-16,32.1,23.7,0.0,Delhi
2024-09-17,31.5,23.9,0.0,Delhi
2024-09-18,27.7,22.8,62.7,Delhi
2024-09-19,29.8,22.8,3.7,Delhi
2024-09-20,31.0,24.0,0.0,Delhi
2024-09-21,31.6,24.8,0.2,Delhi
2024-09-22,33.0,25.3,0.0,Delhi
2024-09-23,33.3,25.0,0.0,Delhi
2024-09-24,33.5,25.2,0.0,Delhi
2024-09-25,33.0,26.4,0.4,Delhi
2024-09-26,31.4,25.2,0.4,Delhi
2024-09-27,30.9,24.8,0.8,Delhi
2024-09-28,30.5,23.0,0.0,Delhi
2024-09-29,30.6,22.6,0.3,Delhi
2024-09-30,32.7,23.5,0.0,Delhi
2024-10-01,33.2,24.0,0.0,Delhi
2024-10-02,34.6,24.6,0.0,Delhi
2024-10-03,33.9,24.5,0.0,Delhi
2024-10-04,33.5,23.8,0.0,Delhi
2024-10-05,33.5,24.2,0.0,Delhi
2024-10-06,33.5,23.7,0.0,Delhi
2024-10-07,32.3,21.9,0.0,Delhi
2024-10-08,32.5,22.2,0.0,Delhi
2024-10-09,32.2,20.5,0.0,Delhi
2024-10-10,32.3,21.0,0.0,Delhi
2024-10-11,31.6,19.0,0.0,Delhi
2024-10-12,32.0,19.1,0.0,Delhi
2024-10-13,32.0,19.7,0.0,Delhi
2024-10-14,31.8,20.5,0.0,Delhi
2024-10-15,31.9,19.4,0.0,Delhi
2024-10-16,32.3,19.6,0.0,Delhi
2024-10-17,32.8,20.6,0.0,Delhi
2024-10-18,33.3,20.1,0.0,Delhi
2024-10-19,33.7,21.0,0.0,Delhi
2024-10-20,33.0,20.2,0.0,Delhi
2024-10-21,32.3,20.0,0.0,Delhi
2024-10-22,31.5,20.0,0.0,Delhi
2024-10-23,32.1,20.0,0.0,Delhi
2024-10-24,32.6,20.2,0.0,Delhi
2024-10-25,32.0,19.0,0.0,Delhi
2024-10-26,31.5,19.0,0.0,Delhi
2024-10-27,31.0,20.4,0.0,Delhi
2024-10-28,31.4,21.0,0.0,Delhi
2024-10-29,32.8,20.6,0.0,Delhi
2024-10-30,34.3,21.3,0.0,Delhi
2024-10-31,32.8,20.8,0.0,Delhi
2024-11-01,32.0,19.3,0.0,Delhi
2024-11-02,31.7,17.7,0.0,Delhi
2024-11-03,31.3,18.2,0.0,Delhi
2024-11-04,30.4,17.5,0.0,Delhi
2024-11-05,29.4,18.1,0.0,Delhi
2024-11-06,30.2,18.0,0.0,Delhi
2024-11-07,30.1,19.0,0.0,Delhi
2024-11-08,30.2,19.0,0.0,Delhi
2024-11-09,30.5,19.6,0.0,Delhi
2024-11-10,30.1,19.3,0.0,Delhi
2024-11-11,29.8,18.5,0.0,Delhi
2024-11-12,31.1,19.0,0.0,Delhi
2024-11-13,30.0,18.8,0.0,Delhi
2024-11-14,30.0,19.0,0.0,Delhi
2024-11-15,29.0,18.6,0.0,Delhi
2024-11-16,28.8,17.5,0.0,Delhi
2024-11-17,28.5,18.0,0.0,Delhi
2024-11-18,26.4,15.9,0.0,Delhi
2024-11-19,25.9,14.2,0.0,Delhi
2024-11-20,25.9,13.6,0.0,Delhi
2024-11-21,25.8,13.6,0.0,Delhi
2024-11-22,26.2,13.9,0.0,Delhi
2024-11-23,27.5,14.1,0.0,Delhi
2024-11-24,27.6,15.6,0.0,Delhi
2024-11-25,25.9,15.1,0.0,Delhi
2024-11-26,25.5,13.9,0.0,Delhi
2024-11-27,26.0,13.6,0.0,Delhi
2024-11-28,25.5,12.8,0.0,Delhi
2024-11-29,24.5,12.4,0.0,Delhi
2024-11-30,24.9,12.4,0.0,Delhi
2024-12-01,24.8,14.0,0.0,Delhi
2024-12-02,25.8,13.3,0.0,Delhi
2024-12-03,26.5,13.5,0.0,Delhi
2024-12-04,25.5,15.2,0.0,Delhi
2024-12-05,23.6,11.9,0.0,Delhi
2024-12-06,23.5,11.3,0.0,Delhi
2024-12-07,23.1,9.6,0.0,Delhi
2024-12-08,22.2,11.0,1.5,Delhi
2024-12-09,20.2,10.4,0.0,Delhi
2024-12-10,20.0,9.8,0.0,Delhi
2024-12-11,20.1,8.2,0.0,Delhi
2024-12-12,20.5,7.7,0.0,Delhi
2024-12-13,20.6,9.2,0.0,Delhi
2024-12-14,20.6,8.6,0.0,Delhi
2024-12-15,21.1,7.2,0.0,Delhi
2024-12-16,21.0,7.0,0.0,Delhi
2024-12-17,20.6,7.7,0.0,Delhi
2024-12-18,20.9,7.6,0.0,Delhi
2024-12-19,20.8,8.0,0.0,Delhi
2024-12-20,23.2,10.2,0.0,Delhi
2024-12-21,22.1,9.2,0.0,Delhi
2024-12-22,22.5,10.4,0.0,Delhi
2024-12-23,17.6,11.6,1.4,Delhi
2024-12-24,18.6,11.4,0.5,Delhi
2024-12-25,20.6,10.8,0.0,Delhi
2024-12-26,22.5,9.9,0.0,Delhi
2024-12-27,17.0,13.8,29.9,Delhi
2024-12-28,18.0,12.2,4.6,Delhi
2024-12-29,18.2,10.6,0.0,Delhi
2024-12-30,18.0,9.6,0.0,Delhi
2024-12-31,16.0,7.5,0.0,Delhi
2024-01-01,28.4,16.6,0.0,Bangalore
2024-01-02,27.5,18.1,0.0,Bangalore
2024-01-03,27.4,16.4,0.0,Bangalore
2024-01-04,25.5,18.1,2.7,Bangalore
2024-01-05,27.0,18.6,0.2,Bangalore
2024-01-06,28.7,19.2,1.2,Bangalore
2024-01-07,27.8,17.0,0.0,Bangalore
2024-01-08,23.5,18.4,2.4,Bangalore
2024-01-09,26.5,18.8,1.0,Bangalore
2024-01-10,25.0,17.1,0.0,Bangalore
2024-01-11,27.8,17.0,0.0,Bangalore
2024-01-12,27.3,15.6,0.0,Bangalore
2024-01-13,28.5,15.8,0.0,Bangalore
2024-01-14,28.4,16.9,0.0,Bangalore
2024-01-15,28.1,15.6,0.0,Bangalore
2024-01-16,28.2,15.6,0.0,Bangalore
2024-01-17,28.4,15.9,0.0,Bangalore
2024-01-18,28.9,16.6,0.0,Bangalore
2024-01-19,29.4,17.5,0.0,Bangalore
2024-01-20,29.1,16.5,0.0,Bangalore
2024-01-21,29.2,17.0,0.0,Bangalore
2024-01-22,29.2,17.0,0.0,Bangalore
2024-01-23,29.1,17.0,0.0,Bangalore
2024-01-24,29.7,17.3,0.0,Bangalore
2024-01-25,28.5,17.6,0.0,Bangalore
2024-01-26,28.2,16.9,0.0,Bangalore
2024-01-27,28.4,16.1,0.0,Bangalore
2024-01-28,28.4,15.9,0.0,Bangalore
2024-01-29,28.2,16.6,0.0,Bangalore
2024-01-30,29.2,15.1,0.0,Bangalore
2024-01-31,29.5,16.8,0.0,Bangalore
2024-02-01,30.0,18.4,0.0,Bangalore
2024-02-02,30.5,18.9,0.0,Bangalore
2024-02-03,30.4,19.4,0.0,Bangalore
2024-02-04,29.6,17.9,0.0,Bangalore
2024-02-05,30.6,16.6,0.0,Bangalore
2024-02-06,32.2,15.8,0.0,Bangalore
2024-02-07,32.5,16.8,0.0,Bangalore
2024-02-08,32.9,17.0,0.0,Bangalore
2024-02-09,32.2,17.0,0.0,Bangalore
2024-02-10,30.8,17.0,0.0,Bangalore
2024-02-11,30.5,17.4,0.0,Bangalore
2024-02-12,30.8,15.8,0.0,Bangalore
2024-02-13,30.6,16.4,0.0,Bangalore
2024-02-14,30.7,17.9,0.0,Bangalore
2024-02-15,30.8,17.0,0.0,Bangalore
2024-02-16,29.8,16.6,0.0,Bangalore
2024-02-17,31.3,17.0,0.0,Bangalore
2024-02-18,32.1,17.5,0.0,Bangalore
2024-02-19,31.0,17.2,0.0,Bangalore
2024-02-20,31.6,18.8,0.0,Bangalore
2024-02-21,32.0,19.7,0.0,Bangalore
2024-02-22,32.4,19.4,0.0,Bangalore
2024-02-23,32.7,18.5,0.0,Bangalore
2024-02-24,31.8,19.5,0.0,Bangalore
2024-02-25,32.1,20.1,0.0,Bangalore
2024-02-26,31.2,17.8,0.0,Bangalore
2024-02-27,31.1,18.0,0.0,Bangalore
2024-02-28,32.6,17.2,0.0,Bangalore
2024-02-29,32.2,16.4,0.0,Bangalore
2024-03-01,32.3,16.7,0.0,Bangalore
2024-03-02,32.5,17.5,0.0,Bangalore
2024-03-03,32.7,18.4,0.0,Bangalore
2024-03-04,34.4,18.9,0.0,Bangalore
2024-03-05,34.2,18.9,0.0,Bangalore
2024-03-06,34.5,20.0,0.0,Bangalore
2024-03-07,34.5,19.9,0.0,Bangalore
2024-03-08,33.5,20.8,0.0,Bangalore
2024-03-09,33.4,20.5,0.0,Bangalore
2024-03-10,33.2,22.2,0.0,Bangalore
2024-03-11,33.8,20.8,0.0,Bangalore
2024-03-12,34.2,20.2,0.0,Bangalore
2024-03-13,34.5,21.7,0.0,Bangalore
2024-03-14,34.1,21.7,0.0,Bangalore
2024-03-15,34.8,21.8,0.0,Bangalore
2024-03-16,35.5,22.6,0.0,Bangalore
2024-03-17,34.5,20.5,0.0,Bangalore
2024-03-18,34.8,20.0,0.0,Bangalore
2024-03-19,34.4,20.8,0.0,Bangalore
2024-03-20,35.2,20.1,0.0,Bangalore
2024-03-21,32.7,20.0,0.0,Bangalore
2024-03-22,34.1,20.0,0.0,Bangalore
2024-03-23,34.5,19.4,0.0,Bangalore
2024-03-24,35.0,19.6,0.0,Bangalore
2024-03-25,35.5,19.2,0.0,Bangalore
2024-03-26,35.5,19.9,0.0,Bangalore
2024-03-27,35.0,18.9,0.0,Bangalore
2024-03-28,35.2,19.8,0.0,Bangalore
2024-03-29,36.0,21.3,0.0,Bangalore
2024-03-30,35.7,20.7,0.0,Bangalore
2024-03-31,35.5,20.1,0.0,Bangalore
2024-04-01,36.0,20.4,0.0,Bangalore
2024-04-02,36.8,22.6,0.0,Bangalore
2024-04-03,36.7,21.7,0.0,Bangalore
2024-04-04,36.5,22.0,0.0,Bangalore
2024-04-05,37.5,22.2,0.0,Bangalore
2024-04-06,37.4,21.4,0.0,Bangalore
2024-04-07,37.0,22.4,0.0,Bangalore
2024-04-08,37.0,21.6,0.0,Bangalore
2024-04-09,35.3,21.5,0.0,Bangalore
2024-04-10,35.5,20.7,0.0,Bangalore
2024-04-11,35.7,20.5,0.0,Bangalore
2024-04-12,34.7,21.9,0.1,Bangalore
2024-04-13,35.0,21.4,0.0,Bangalore
2024-04-14,35.3,20.7,0.0,Bangalore
2024-04-15,36.0,20.7,0.0,Bangalore
2024-04-16,36.2,19.9,0.0,Bangalore
2024-04-17,37.5,22.6,0.0,Bangalore
2024-04-18,37.8,22.9,0.0,Bangalore
2024-04-19,38.0,24.0,0.0,Bangalore
2024-04-20,37.2,23.8,0.0,Bangalore
2024-04-21,37.1,22.9,0.0,Bangalore
2024-04-22,37.7,23.0,0.0,Bangalore
2024-04-23,37.2,22.1,0.0,Bangalore
2024-04-24,36.8,22.0,0.0,Bangalore
2024-04-25,37.5,22.6,0.0,Bangalore
2024-04-26,37.2,22.6,0.0,Bangalore
2024-04-27,37.7,21.4,0.0,Bangalore
2024-04-28,38.6,22.3,0.0,Bangalore
2024-04-29,38.0,24.0,0.0,Bangalore
2024-04-30,38.5,23.7,0.0,Bangalore
2024-05-01,39.5,23.2,0.0,Bangalore
2024-05-02,37.8,24.6,0.6,Bangalore
2024-05-03,37.5,24.6,0.2,Bangalore
2024-05-04,37.8,23.1,0.1,Bangalore
2024-05-05,37.7,23.2,0.0,Bangalore
2024-05-06,39.3,23.2,0.0,Bangalore
2024-05-07,35.9,23.6,0.1,Bangalore
2024-05-08,34.0,21.5,6.2,Bangalore
2024-05-09,32.8,22.5,4.5,Bangalore
2024-05-10,33.0,22.4,6.0,Bangalore
2024-05-11,34.0,21.6,0.0,Bangalore
2024-05-12,31.8,22.0,5.8,Bangalore
2024-05-13,32.7,20.8,4.9,Bangalore
2024-05-14,29.2,21.5,16.2,Bangalore
2024-05-15,32.2,21.1,1.0,Bangalore
2024-05-16,27.1,21.2,2.8,Bangalore
2024-05-17,29.3,20.9,15.0,Bangalore
2024-05-18,29.2,21.1,19.5,Bangalore
2024-05-19,29.2,21.5,9.1,Bangalore
2024-05-20,27.5,21.1,25.2,Bangalore
2024-05-21,29.8,21.4,10.5,Bangalore
2024-05-22,29.8,21.2,12.9,Bangalore
2024-05-23,31.5,20.5,0.7,Bangalore
2024-05-24,29.8,21.8,3.5,Bangalore
2024-05-25,29.6,22.0,0.5,Bangalore
2024-05-26,29.1,21.6,2.4,Bangalore
2024-05-27,30.5,20.6,0.0,Bangalore
2024-05-28,32.2,21.4,0.0,Bangalore
2024-05-29,32.1,20.5,0.2,Bangalore
2024-05-30,32.2,21.4,2.4,Bangalore
2024-05-31,32.2,21.6,1.2,Bangalore
2024-06-01,32.2,22.4,28.0,Bangalore
2024-06-02,30.9,22.5,10.3,Bangalore
2024-06-03,28.4,22.0,0.6,Bangalore
2024-06-04,29.4,21.3,7.1,Bangalore
2024-06-05,27.6,20.9,20.8,Bangalore
2024-06-06,28.1,21.5,8.4,Bangalore
2024-06-07,27.1,21.3,7.2,Bangalore
2024-06-08,28.8,20.6,1.9,Bangalore
2024-06-09,27.1,20.5,3.3,Bangalore
2024-06-10,27.5,20.6,2.2,Bangalore
2024-06-11,28.8,21.1,0.6,Bangalore
2024-06-12,27.7,20.6,6.9,Bangalore
2024-06-13,28.6,20.0,3.1,Bangalore
2024-06-14,28.6,20.2,0.0,Bangalore
2024-06-15,29.9,19.4,0.0,Bangalore
2024-06-16,29.2,19.6,1.0,Bangalore
2024-06-17,29.8,20.3,0.6,Bangalore
2024-06-18,29.2,20.3,4.4,Bangalore
2024-06-19,29.1,20.1,5.4,Bangalore
2024-06-20,28.2,20.4,0.6,Bangalore
2024-06-21,28.8,19.7,3.3,Bangalore
2024-06-22,28.0,20.1,1.9,Bangalore
2024-06-23,28.3,20.2,1.6,Bangalore
2024-06-24,29.8,20.5,4.1,Bangalore
2024-06-25,27.4,20.8,1.6,Bangalore
2024-06-26,28.0,20.8,2.2,Bangalore
2024-06-27,25.6,21.0,6.1,Bangalore
2024-06-28,29.1,20.0,0.8,Bangalore
2024-06-29,29.8,19.8,1.0,Bangalore
2024-06-30,28.4,20.2,1.4,Bangalore
2024-07-01,27.6,20.5,9.0,Bangalore
2024-07-02,29.4,20.1,0.1,Bangalore
2024-07-03,29.3,20.0,10.4,Bangalore
2024-07-04,26.8,20.0,3.8,Bangalore
2024-07-05,29.8,20.1,6.9,Bangalore
2024-07-06,26.5,20.0,5.9,Bangalore
2024-07-07,28.6,20.0,1.0,Bangalore
2024-07-08,27.9,20.4,5.6,Bangalore
2024-07-09,28.7,19.7,2.9,Bangalore
2024-07-10,29.3,19.4,1.5,Bangalore
2024-07-11,26.9,20.2,3.7,Bangalore
2024-07-12,29.1,19.7,17.4,Bangalore
2024-07-13,25.8,20.5,1.2,Bangalore
2024-07-14,26.5,20.5,1.5,Bangalore
2024-07-15,26.4,20.2,16.8,Bangalore
2024-07-16,24.4,20.3,16.2,Bangalore
2024-07-17,25.8,20.0,5.2,Bangalore
2024-07-18,26.0,20.5,9.3,Bangalore
2024-07-19,22.3,20.1,14.5,Bangalore
2024-07-20,25.1,19.8,2.8,Bangalore
2024-07-21,27.2,20.5,1.1,Bangalore
2024-07-22,27.6,20.5,1.4,Bangalore
2024-07-23,27.2,20.9,2.2,Bangalore
2024-07-24,27.1,20.5,1.5,Bangalore
2024-07-25,26.9,20.5,2.3,Bangalore
2024-07-26,26.8,21.0,2.2,Bangalore
2024-07-27,27.4,20.8,0.6,Bangalore
2024-07-28,27.2,20.3,0.2,Bangalore
2024-07-29,28.4,20.6,3.7,Bangalore
2024-07-30,22.8,20.2,11.7,Bangalore
2024-07-31,26.3,20.0,10.6,Bangalore
2024-08-01,27.9,20.2,3.4,Bangalore
2024-08-02,26.8,20.2,4.3,Bangalore
2024-08-03,27.4,19.5,7.6,Bangalore
2024-08-04,28.1,19.8,2.0,Bangalore
2024-08-05,27.7,19.1,1.2,Bangalore
2024-08-06,25.4,20.0,8.6,Bangalore
2024-08-07,25.0,20.2,5.2,Bangalore
2024-08-08,27.1,19.5,16.1,Bangalore
2024-08-09,28.0,19.7,12.4,Bangalore
2024-08-10,26.5,20.3,19.2,Bangalore
2024-08-11,27.9,20.2,3.0,Bangalore
2024-08-12,28.9,20.2,2.4,Bangalore
2024-08-13,28.6,20.2,12.7,Bangalore
2024-08-14,28.5,20.3,1.5,Bangalore
2024-08-15,28.8,21.7,2.0,Bangalore
2024-08-16,28.6,20.5,13.3,Bangalore
2024-08-17,28.9,19.5,3.7,Bangalore
2024-08-18,29.0,19.1,0.1,Bangalore
2024-08-19,28.0,20.7,17.4,Bangalore
2024-08-20,28.7,19.9,19.7,Bangalore
2024-08-21,27.4,20.6,1.2,Bangalore
2024-08-22,27.4,19.6,0.4,Bangalore
2024-08-23,27.4,19.0,0.1,Bangalore
2024-08-24,27.3,19.6,3.8,Bangalore
2024-08-25,27.1,19.8,0.9,Bangalore
2024-08-26,28.1,19.4,1.2,Bangalore
2024-08-27,26.7,19.8,1.7,Bangalore
2024-08-28,26.6,19.6,1.4,Bangalore
2024-08-29,27.1,19.4,9.4,Bangalore
2024-08-30,25.9,19.8,3.9,Bangalore
2024-08-31,23.8,19.6,4.6,Bangalore
2024-09-01,27.0,20.1,5.3,Bangalore
2024-09-02,27.5,20.4,4.1,Bangalore
2024-09-03,27.7,20.0,1.4,Bangalore
2024-09-04,27.8,19.8,0.5,Bangalore
2024-09-05,27.8,19.9,0.5,Bangalore
2024-09-06,27.1,19.8,1.6,Bangalore
2024-09-07,27.6,19.6,11.9,Bangalore
2024-09-08,25.7,20.2,2.6,Bangalore
2024-09-09,28.4,20.2,6.0,Bangalore
2024-09-10,28.4,19.8,1.9,Bangalore
2024-09-11,28.8,19.5,0.7,Bangalore
2024-09-12,29.1,19.5,0.7,Bangalore
2024-09-13,28.5,18.5,0.0,Bangalore
2024-09-14,28.4,18.8,0.9,Bangalore
2024-09-15,28.5,18.4,0.6,Bangalore
2024-09-16,28.4,17.5,0.7,Bangalore
2024-09-17,28.2,18.6,0.4,Bangalore
2024-09-18,28.4,17.9,0.0,Bangalore
2024-09-19,28.9,17.4,0.6,Bangalore
2024-09-20,28.9,19.6,0.1,Bangalore
2024-09-21,29.2,19.1,0.1,Bangalore
2024-09-22,29.0,19.5,1.4,Bangalore
2024-09-23,29.4,20.0,5.3,Bangalore
2024-09-24,28.5,20.5,4.4,Bangalore
2024-09-25,28.8,20.4,2.5,Bangalore
2024-09-26,28.8,19.5,0.6,Bangalore
2024-09-27,28.8,19.4,1.5,Bangalore
2024-09-28,28.5,19.6,3.0,Bangalore
2024-09-29,28.5,20.3,5.5,Bangalore
2024-09-30,30.1,20.5,0.1,Bangalore
2024-10-01,30.6,19.8,0.4,Bangalore
2024-10-02,29.9,20.4,9.8,Bangalore
2024-10-03,28.4,20.0,4.2,Bangalore
2024-10-04,28.5,19.9,7.2,Bangalore
2024-10-05,26.9,20.0,11.3,Bangalore
2024-10-06,27.4,19.6,0.5,Bangalore
2024-10-07,28.9,19.1,0.9,Bangalore
2024-10-08,27.9,20.0,10.7,Bangalore
2024-10-09,28.0,20.2,5.2,Bangalore
2024-10-10,27.5,19.9,6.5,Bangalore
2024-10-11,27.9,19.9,4.9,Bangalore
2024-10-12,28.1,20.3,7.2,Bangalore
2024-10-13,27.9,20.4,1.8,Bangalore
2024-10-14,23.4,19.3,14.4,Bangalore
2024-10-15,23.1,19.8,31.5,Bangalore
2024-10-16,22.9,19.2,13.3,Bangalore
2024-10-17,27.0,19.8,0.8,Bangalore
2024-10-18,27.6,19.5,8.4,Bangalore
2024-10-19,24.7,18.9,8.5,Bangalore
2024-10-20,26.4,19.4,21.1,Bangalore
2024-10-21,26.8,19.6,17.8,Bangalore
2024-10-22,27.5,18.4,27.3,Bangalore
2024-10-23,27.5,19.2,20.1,Bangalore
2024-10-24,26.2,19.0,1.1,Bangalore
2024-10-25,27.0,17.4,0.0,Bangalore
2024-10-26,26.6,17.0,0.0,Bangalore
2024-10-27,26.7,15.5,0.0,Bangalore
2024-10-28,27.1,16.5,0.0,Bangalore
2024-10-29,27.6,17.5,0.4,Bangalore
2024-10-30,27.3,17.8,1.1,Bangalore
2024-10-31,27.8,18.4,4.0,Bangalore
2024-11-01,26.9,19.8,8.2,Bangalore
2024-11-02,27.6,18.8,1.2,Bangalore
2024-11-03,27.7,19.5,0.7,Bangalore
2024-11-04,27.0,19.5,1.0,Bangalore
2024-11-05,27.0,17.1,0.0,Bangalore
2024-11-06,27.8,16.3,0.1,Bangalore
2024-11-07,27.4,19.0,1.3,Bangalore
2024-11-08,29.0,18.2,0.0,Bangalore
2024-11-09,27.8,18.0,0.0,Bangalore
2024-11-10,27.0,17.5,0.4,Bangalore
2024-11-11,27.8,17.2,0.0,Bangalore
2024-11-12,27.0,19.0,0.9,Bangalore
2024-11-13,27.0,19.9,9.9,Bangalore
2024-11-14,25.7,19.9,6.0,Bangalore
2024-11-15,27.0,19.9,10.0,Bangalore
2024-11-16,26.3,19.6,3.4,Bangalore
2024-11-17,27.4,19.8,0.5,Bangalore
2024-11-18,26.9,19.0,0.1,Bangalore
2024-11-19,27.3,18.5,0.0,Bangalore
2024-11-20,28.0,17.5,0.0,Bangalore
2024-11-21,27.5,17.2,0.0,Bangalore
2024-11-22,27.9,16.4,0.0,Bangalore
2024-11-23,28.6,16.7,0.0,Bangalore
2024-11-24,29.1,17.3,0.0,Bangalore
2024-11-25,27.8,17.1,0.0,Bangalore
2024-11-26,26.2,18.1,0.0,Bangalore
2024-11-27,26.4,18.9,0.0,Bangalore
2024-11-28,26.9,17.5,0.0,Bangalore
2024-11-29,25.4,18.2,0.8,Bangalore
2024-11-30,23.6,19.0,0.3,Bangalore
2024-12-01,24.5,19.9,8.0,Bangalore
2024-12-02,23.2,20.4,35.0,Bangalore
2024-12-03,26.0,20.0,4.7,Bangalore
2024-12-04,25.9,18.8,0.0,Bangalore
2024-12-05,26.1,19.9,0.8,Bangalore
2024-12-06,26.7,19.5,0.0,Bangalore
2024-12-07,27.0,19.2,0.6,Bangalore
2024-12-08,26.8,18.5,0.0,Bangalore
2024-12-09,27.5,18.4,0.1,Bangalore
2024-12-10,27.9,18.5,0.0,Bangalore
2024-12-11,26.4,18.3,0.0,Bangalore
2024-12-12,22.0,19.0,21.2,Bangalore
2024-12-13,24.4,19.6,1.3,Bangalore
2024-12-14,26.1,17.6,0.0,Bangalore
2024-12-15,24.3,15.0,0.0,Bangalore
2024-12-16,24.9,15.1,0.0,Bangalore
2024-12-17,27.1,14.5,0.0,Bangalore
2024-12-18,25.9,17.0,0.3,Bangalore
2024-12-19,28.0,19.1,0.3,Bangalore
2024-12-20,27.9,18.8,0.1,Bangalore
2024-12-21,29.0,18.0,0.0,Bangalore
2024-12-22,28.1,17.9,0.0,Bangalore
2024-12-23,27.0,18.4,0.0,Bangalore
2024-12-24,27.2,17.6,0.0,Bangalore
2024-12-25,27.9,17.2,0.0,Bangalore
2024-12-26,26.2,18.5,3.6,Bangalore
2024-12-27,25.4,18.5,1.7,Bangalore
2024-12-28,26.1,17.5,0.0,Bangalore
2024-12-29,26.9,16.9,0.0,Bangalore
2024-12-30,25.7,16.7,0.0,Bangalore
2024-12-31,27.5,17.0,0.0,Bangalore
2024-01-01,28.7,22.9,0.0,Chennai
2024-01-02,27.8,23.0,0.0,Chennai
2024-01-03,28.2,23.6,0.0,Chennai
2024-01-04,29.0,24.7,1.0,Chennai
2024-01-05,29.0,24.5,0.3,Chennai
2024-01-06,28.3,24.0,2.7,Chennai
2024-01-07,26.6,24.0,20.3,Chennai
2024-01-08,26.8,24.0,25.5,Chennai
2024-01-09,28.4,25.4,0.1,Chennai
2024-01-10,28.1,24.6,0.0,Chennai
2024-01-11,28.2,23.9,0.0,Chennai
2024-01-12,28.4,23.4,0.0,Chennai
2024-01-13,28.5,22.0,0.2,Chennai
2024-01-14,28.4,20.7,0.3,Chennai
2024-01-15,28.4,21.5,0.0,Chennai
2024-01-16,28.1,20.5,0.0,Chennai
2024-01-17,28.1,20.5,0.0,Chennai
2024-01-18,28.5,20.5,0.0,Chennai
2024-01-19,28.6,22.2,0.1,Chennai
2024-01-20,28.6,23.9,0.0,Chennai
2024-01-21,29.0,22.2,0.0,Chennai
2024-01-22,28.5,22.0,0.0,Chennai
2024-01-23,29.0,22.5,0.0,Chennai
2024-01-24,29.4,22.3,0.0,Chennai
2024-01-25,29.1,21.3,0.0,Chennai
2024-01-26,29.0,22.0,1.0,Chennai
2024-01-27,29.3,24.0,0.3,Chennai
2024-01-28,28.9,23.3,0.2,Chennai
2024-01-29,28.6,22.9,0.0,Chennai
2024-01-30,29.8,20.5,0.0,Chennai
2024-01-31,29.4,22.1,0.0,Chennai
2024-02-01,29.2,23.9,0.6,Chennai
2024-02-02,29.9,23.5,0.3,Chennai
2024-02-03,29.8,23.5,0.0,Chennai
2024-02-04,30.0,22.6,0.0,Chennai
2024-02-05,29.8,22.0,0.0,Chennai
2024-02-06,29.8,21.5,0.0,Chennai
2024-02-07,30.3,21.5,0.0,Chennai
2024-02-08,31.0,21.0,0.0,Chennai
2024-02-09,30.0,22.2,0.1,Chennai
2024-02-10,30.9,24.4,0.1,Chennai
2024-02-11,30.0,24.0,0.1,Chennai
2024-02-12,29.5,22.1,0.0,Chennai
2024-02-13,30.1,24.0,1.1,Chennai
2024-02-14,30.5,24.5,0.1,Chennai
2024-02-15,29.8,22.9,0.0,Chennai
2024-02-16,30.5,23.6,0.0,Chennai
2024-02-17,31.0,22.4,0.0,Chennai
2024-02-18,30.5,21.9,0.0,Chennai
2024-02-19,31.6,22.0,0.0,Chennai
2024-02-20,30.9,23.2,0.1,Chennai
2024-02-21,32.2,23.2,0.0,Chennai
2024-02-22,31.9,24.0,1.2,Chennai
2024-02-23,33.4,25.5,0.9,Chennai
2024-02-24,30.8,26.0,0.1,Chennai
2024-02-25,30.7,25.5,0.0,Chennai
2024-02-26,30.9,25.8,1.0,Chennai
2024-02-27,30.9,25.1,0.0,Chennai
2024-02-28,31.5,23.8,0.0,Chennai
2024-02-29,32.0,22.1,0.0,Chennai
2024-03-01,32.0,23.5,0.0,Chennai
2024-03-02,33.0,22.9,0.0,Chennai
2024-03-03,31.5,24.0,0.0,Chennai
2024-03-04,30.8,22.3,0.1,Chennai
2024-03-05,31.2,22.9,0.0,Chennai
2024-03-06,32.7,23.2,0.0,Chennai
2024-03-07,34.0,23.5,0.0,Chennai
2024-03-08,32.1,23.8,0.0,Chennai
2024-03-09,32.8,24.2,0.0,Chennai
2024-03-10,32.7,24.6,0.0,Chennai
2024-03-11,32.7,24.7,0.0,Chennai
2024-03-12,33.4,24.1,0.0,Chennai
2024-03-13,33.8,24.8,0.0,Chennai
2024-03-14,33.5,24.8,0.0,Chennai
2024-03-15,32.6,24.5,0.3,Chennai
2024-03-16,32.2,25.9,0.4,Chennai
2024-03-17,31.9,25.4,0.3,Chennai
2024-03-18,32.8,24.8,0.0,Chennai
2024-03-19,32.5,24.8,0.0,Chennai
2024-03-20,32.2,24.8,0.0,Chennai
2024-03-21,30.4,26.2,3.5,Chennai
2024-03-22,31.9,24.9,0.2,Chennai
2024-03-23,33.1,23.9,0.0,Chennai
2024-03-24,32.5,24.2,0.0,Chennai
2024-03-25,31.9,23.8,0.0,Chennai
2024-03-26,31.9,23.6,0.0,Chennai
2024-03-27,32.8,23.8,0.0,Chennai
2024-03-28,33.7,23.6,0.0,Chennai
2024-03-29,34.1,25.1,0.0,Chennai
2024-03-30,34.7,24.5,0.0,Chennai
2024-03-31,33.6,24.5,0.0,Chennai
2024-04-01,33.7,25.3,0.1,Chennai
2024-04-02,34.8,26.0,0.0,Chennai
2024-04-03,35.0,26.6,0.0,Chennai
2024-04-04,34.8,26.7,0.0,Chennai
2024-04-05,35.0,26.3,0.0,Chennai
2024-04-06,36.5,26.1,0.0,Chennai
2024-04-07,36.9,25.8,0.0,Chennai
2024-04-08,36.2,26.5,0.0,Chennai
2024-04-09,33.3,25.9,0.0,Chennai
2024-04-10,33.7,26.4,0.0,Chennai
2024-04-11,33.4,26.5,0.0,Chennai
2024-04-12,33.3,28.0,0.0,Chennai
2024-04-13,34.0,26.4,0.5,Chennai
2024-04-14,33.5,25.6,0.0,Chennai
2024-04-15,34.2,25.0,0.0,Chennai
2024-04-16,34.8,25.1,0.0,Chennai
2024-04-17,36.2,26.0,0.0,Chennai
2024-04-18,37.0,26.6,0.0,Chennai
2024-04-19,36.0,27.8,0.0,Chennai
2024-04-20,35.8,28.0,0.2,Chennai
2024-04-21,35.5,27.5,0.0,Chennai
2024-04-22,35.5,26.9,0.0,Chennai
2024-04-23,34.7,26.2,0.0,Chennai
2024-04-24,35.5,25.8,0.0,Chennai
2024-04-25,34.8,27.0,0.0,Chennai
2024-04-26,34.6,26.5,0.0,Chennai
2024-04-27,34.7,26.0,0.0,Chennai
2024-04-28,35.6,26.5,0.0,Chennai
2024-04-29,35.5,27.6,0.0,Chennai
2024-04-30,35.7,28.0,0.0,Chennai
2024-05-01,37.8,28.7,0.0,Chennai
2024-05-02,38.2,29.8,0.0,Chennai
2024-05-03,38.5,28.0,0.0,Chennai
2024-05-04,37.3,29.2,0.0,Chennai
2024-05-05,36.3,29.5,0.0,Chennai
2024-05-06,37.0,29.8,0.0,Chennai
2024-05-07,36.9,29.8,0.1,Chennai
2024-05-08,33.5,26.8,2.2,Chennai
2024-05-09,32.9,27.0,2.8,Chennai
2024-05-10,32.7,27.5,7.0,Chennai
2024-05-11,34.2,25.5,0.6,Chennai
2024-05-12,33.3,29.4,3.2,Chennai
2024-05-13,33.0,26.2,8.4,Chennai
2024-05-14,33.7,27.6,0.9,Chennai
2024-05-15,34.0,27.1,2.9,Chennai
2024-05-16,29.6,25.9,19.4,Chennai
2024-05-17,30.5,26.5,1.6,Chennai
2024-05-18,30.6,26.1,6.6,Chennai
2024-05-19,33.0,26.1,9.5,Chennai
2024-05-20,31.2,26.6,13.9,Chennai
2024-05-21,30.5,26.6,24.0,Chennai
2024-05-22,31.2,25.7,21.3,Chennai
2024-05-23,32.5,26.5,24.7,Chennai
2024-05-24,36.1,26.6,0.0,Chennai
2024-05-25,36.0,27.5,16.6,Chennai
2024-05-26,39.0,28.0,0.6,Chennai
2024-05-27,40.8,30.4,0.1,Chennai
2024-05-28,41.0,30.1,0.0,Chennai
2024-05-29,40.7,30.3,0.0,Chennai
2024-05-30,39.2,29.8,0.0,Chennai
2024-05-31,40.2,29.0,21.9,Chennai
2024-06-01,36.8,27.8,1.0,Chennai
2024-06-02,33.5,27.0,22.0,Chennai
2024-06-03,30.6,27.1,9.4,Chennai
2024-06-04,34.5,26.9,9.6,Chennai
2024-06-05,32.5,26.2,35.5,Chennai
2024-06-06,32.2,26.1,28.1,Chennai
2024-06-07,31.0,25.9,5.1,Chennai
2024-06-08,33.7,26.7,2.1,Chennai
2024-06-09,34.8,27.0,0.5,Chennai
2024-06-10,36.5,27.5,7.0,Chennai
2024-06-11,36.2,27.7,10.4,Chennai
2024-06-12,33.8,26.8,0.6,Chennai
2024-06-13,35.3,27.5,0.1,Chennai
2024-06-14,35.9,27.6,0.1,Chennai
2024-06-15,35.5,27.1,2.3,Chennai
2024-06-16,36.3,27.0,0.2,Chennai
2024-06-17,36.3,27.6,0.3,Chennai
2024-06-18,37.0,27.3,0.7,Chennai
2024-06-19,35.3,25.5,16.6,Chennai
2024-06-20,35.6,25.5,2.1,Chennai
2024-06-21,36.0,27.4,5.6,Chennai
2024-06-22,36.3,27.9,0.2,Chennai
2024-06-23,36.5,27.5,0.9,Chennai
2024-06-24,36.0,27.9,0.2,Chennai
2024-06-25,35.2,27.8,0.6,Chennai
2024-06-26,36.5,28.8,0.5,Chennai
2024-06-27,34.8,27.0,1.0,Chennai
2024-06-28,37.0,28.5,0.0,Chennai
2024-06-29,37.8,27.6,2.1,Chennai
2024-06-30,34.3,28.1,0.0,Chennai
2024-07-01,33.9,26.5,2.0,Chennai
2024-07-02,36.0,27.6,0.0,Chennai
2024-07-03,37.5,27.4,4.2,Chennai
2024-07-04,34.8,26.5,2.6,Chennai
2024-07-05,36.0,27.0,0.0,Chennai
2024-07-06,32.2,26.1,2.2,Chennai
2024-07-07,36.1,26.6,1.2,Chennai
2024-07-08,32.7,26.5,11.6,Chennai
2024-07-09,33.8,25.8,5.2,Chennai
2024-07-10,35.5,27.0,0.2,Chennai
2024-07-11,33.3,26.1,1.0,Chennai
2024-07-12,35.7,27.2,2.6,Chennai
2024-07-13,29.6,25.6,8.0,Chennai
2024-07-14,28.5,25.4,8.9,Chennai
2024-07-15,30.1,25.1,8.2,Chennai
2024-07-16,31.2,25.5,2.8,Chennai
2024-07-17,31.4,25.8,0.1,Chennai
2024-07-18,31.9,27.0,1.1,Chennai
2024-07-19,30.0,26.1,0.5,Chennai
2024-07-20,33.0,25.9,0.1,Chennai
2024-07-21,35.5,27.0,2.6,Chennai
2024-07-22,35.2,27.4,0.0,Chennai
2024-07-23,36.6,27.0,0.1,Chennai
2024-07-24,36.7,28.0,0.0,Chennai
2024-07-25,37.8,27.8,1.1,Chennai
2024-07-26,36.5,27.5,4.6,Chennai
2024-07-27,34.8,28.4,0.3,Chennai
2024-07-28,37.0,28.0,0.1,Chennai
2024-07-29,36.7,26.7,5.8,Chennai
2024-07-30,36.0,26.9,1.5,Chennai
2024-07-31,36.0,27.0,1.5,Chennai
2024-08-01,35.8,28.1,2.6,Chennai
2024-08-02,35.7,27.4,4.5,Chennai
2024-08-03,34.8,26.2,7.7,Chennai
2024-08-04,35.2,26.5,0.2,Chennai
2024-08-05,32.0,24.7,0.8,Chennai
2024-08-06,33.0,25.0,19.1,Chennai
2024-08-07,32.2,24.9,8.8,Chennai
2024-08-08,32.0,25.5,10.9,Chennai
2024-08-09,32.8,24.9,20.9,Chennai
2024-08-10,31.8,24.5,4.1,Chennai
2024-08-11,33.5,25.0,16.2,Chennai
2024-08-12,33.5,24.5,11.4,Chennai
2024-08-13,32.1,25.5,0.5,Chennai
2024-08-14,30.9,26.0,1.0,Chennai
2024-08-15,32.0,26.0,1.6,Chennai
2024-08-16,32.0,26.9,0.9,Chennai
2024-08-17,32.5,26.0,0.1,Chennai
2024-08-18,32.8,26.0,1.6,Chennai
2024-08-19,33.0,27.1,1.7,Chennai
2024-08-20,32.0,25.7,4.7,Chennai
2024-08-21,31.9,26.6,1.0,Chennai
2024-08-22,32.8,26.5,0.0,Chennai
2024-08-23,34.1,26.6,0.1,Chennai
2024-08-24,34.6,27.0,0.2,Chennai
2024-08-25,35.2,27.1,0.4,Chennai
2024-08-26,35.2,27.9,1.0,Chennai
2024-08-27,34.0,26.5,5.1,Chennai
2024-08-28,29.2,25.6,5.1,Chennai
2024-08-29,33.8,24.8,8.9,Chennai
2024-08-30,32.2,25.8,5.0,Chennai
2024-08-31,31.6,25.5,0.3,Chennai
2024-09-01,34.3,26.5,0.0,Chennai
2024-09-02,35.1,25.9,2.5,Chennai
2024-09-03,33.2,25.3,5.1,Chennai
2024-09-04,33.7,26.1,0.0,Chennai
2024-09-05,34.7,26.8,0.7,Chennai
2024-09-06,33.7,25.1,17.3,Chennai
2024-09-07,32.5,25.7,2.9,Chennai
2024-09-08,34.0,27.1,0.0,Chennai
2024-09-09,34.2,27.3,0.0,Chennai
2024-09-10,36.2,27.5,1.1,Chennai
2024-09-11,35.0,27.7,1.2,Chennai
2024-09-12,36.3,27.2,0.8,Chennai
2024-09-13,35.9,26.8,0.1,Chennai
2024-09-14,36.0,26.9,0.5,Chennai
2024-09-15,36.5,26.7,3.6,Chennai
2024-09-16,35.8,26.9,0.4,Chennai
2024-09-17,36.3,27.5,0.6,Chennai
2024-09-18,34.8,26.9,1.5,Chennai
2024-09-19,33.8,25.2,2.0,Chennai
2024-09-20,35.9,26.5,0.4,Chennai
2024-09-21,31.0,25.5,3.9,Chennai
2024-09-22,33.6,25.0,12.9,Chennai
2024-09-23,33.0,24.8,15.5,Chennai
2024-09-24,33.3,25.6,12.4,Chennai
2024-09-25,33.9,25.7,11.2,Chennai
2024-09-26,30.5,26.5,0.8,Chennai
2024-09-27,31.4,25.5,7.8,Chennai
2024-09-28,30.8,24.2,14.1,Chennai
2024-09-29,30.8,24.5,0.7,Chennai
2024-09-30,30.0,25.1,0.9,Chennai
2024-10-01,31.6,25.5,0.6,Chennai
2024-10-02,34.4,25.5,0.0,Chennai
2024-10-03,34.0,26.4,1.6,Chennai
2024-10-04,32.8,26.5,2.2,Chennai
2024-10-05,33.5,25.5,0.1,Chennai
2024-10-06,32.2,25.5,0.0,Chennai
2024-10-07,30.0,25.5,1.4,Chennai
2024-10-08,30.3,24.8,1.4,Chennai
2024-10-09,30.0,25.0,2.0,Chennai
2024-10-10,29.8,24.2,16.5,Chennai
2024-10-11,29.8,24.6,7.4,Chennai
2024-10-12,29.5,25.2,3.3,Chennai
2024-10-13,29.9,24.1,2.5,Chennai
2024-10-14,26.6,24.3,69.2,Chennai
2024-10-15,28.1,24.7,63.4,Chennai
2024-10-16,28.6,23.9,39.7,Chennai
2024-10-17,30.3,23.9,3.2,Chennai
2024-10-18,28.8,24.4,11.6,Chennai
2024-10-19,29.2,24.0,8.0,Chennai
2024-10-20,29.9,24.5,5.8,Chennai
2024-10-21,30.1,25.4,1.6,Chennai
2024-10-22,30.3,24.2,1.0,Chennai
2024-10-23,31.5,24.1,0.0,Chennai
2024-10-24,31.2,25.1,0.0,Chennai
2024-10-25,32.7,24.0,0.0,Chennai
2024-10-26,33.5,24.2,0.0,Chennai
2024-10-27,32.3,24.1,0.6,Chennai
2024-10-28,32.2,24.2,1.7,Chennai
2024-10-29,32.1,24.6,1.1,Chennai
2024-10-30,31.5,25.5,4.8,Chennai
2024-10-31,30.0,25.0,1.9,Chennai
2024-11-01,29.1,24.8,5.9,Chennai
2024-11-02,29.2,24.1,4.4,Chennai
2024-11-03,29.6,23.7,3.7,Chennai
2024-11-04,30.0,23.5,1.2,Chennai
2024-11-05,30.5,23.9,0.1,Chennai
2024-11-06,28.6,24.5,14.9,Chennai
2024-11-07,29.6,24.0,2.6,Chennai
2024-11-08,30.4,26.0,0.2,Chennai
2024-11-09,30.4,24.6,1.0,Chennai
2024-11-10,30.2,24.2,1.5,Chennai
2024-11-11,30.1,24.0,4.4,Chennai
2024-11-12,27.5,24.0,42.4,Chennai
2024-11-13,26.9,24.0,33.1,Chennai
2024-11-14,28.9,24.2,12.6,Chennai
2024-11-15,28.1,24.1,16.9,Chennai
2024-11-16,27.6,24.0,11.2,Chennai
2024-11-17,29.5,24.0,2.5,Chennai
2024-11-18,29.1,25.8,0.0,Chennai
2024-11-19,28.6,25.4,0.5,Chennai
2024-11-20,28.9,25.0,0.0,Chennai
2024-11-21,29.0,25.2,0.0,Chennai
2024-11-22,29.1,23.1,0.0,Chennai
2024-11-23,28.9,23.5,1.1,Chennai
2024-11-24,29.6,25.5,0.1,Chennai
2024-11-25,29.5,24.2,1.3,Chennai
2024-11-26,26.8,23.6,22.5,Chennai
2024-11-27,27.6,24.5,5.4,Chennai
2024-11-28,26.4,23.9,21.0,Chennai
2024-11-29,25.0,23.2,25.6,Chennai
2024-11-30,26.5,23.9,158.4,Chennai
2024-12-01,27.8,24.8,25.3,Chennai
2024-12-02,28.9,25.3,10.2,Chennai
2024-12-03,29.4,24.6,4.0,Chennai
2024-12-04,28.8,24.8,3.5,Chennai
2024-12-05,29.0,23.7,0.8,Chennai
2024-12-06,28.0,24.1,1.8,Chennai
2024-12-07,29.2,24.1,0.4,Chennai
2024-12-08,29.4,23.8,0.0,Chennai
2024-12-09,29.2,23.3,1.0,Chennai
2024-12-10,29.3,24.6,0.2,Chennai
2024-12-11,27.2,24.0,16.1,Chennai
2024-12-12,26.0,23.8,47.9,Chennai
2024-12-13,27.9,25.1,2.1,Chennai
2024-12-14,28.4,24.5,0.0,Chennai
2024-12-15,27.5,24.2,0.0,Chennai
2024-12-16,27.0,22.6,0.0,Chennai
2024-12-17,26.3,22.0,8.2,Chennai
2024-12-18,26.2,22.0,24.1,Chennai
2024-12-19,27.2,23.5,7.0,Chennai
2024-12-20,28.8,24.0,15.9,Chennai
2024-12-21,28.5,24.0,1.5,Chennai
2024-12-22,28.4,24.1,0.2,Chennai
2024-12-23,28.6,23.0,0.0,Chennai
2024-12-24,27.9,23.5,7.6,Chennai
2024-12-25,27.5,23.0,2.8,Chennai
2024-12-26,28.2,24.5,10.1,Chennai
2024-12-27,28.5,23.7,4.1,Chennai
2024-12-28,28.3,24.9,0.2,Chennai
2024-12-29,27.9,24.2,1.0,Chennai
2024-12-30,28.0,23.8,3.5,Chennai
2024-12-31,28.1,24.5,0.1,Chennai
2024-01-01,25.0,14.6,0.0,Kolkata
2024-01-02,23.5,13.4,0.0,Kolkata
2024-01-03,24.5,12.5,0.0,Kolkata
2024-01-04,25.4,12.8,0.0,Kolkata
2024-01-05,25.8,13.6,0.0,Kolkata
2024-01-06,26.7,14.4,0.0,Kolkata
2024-01-07,26.2,15.4,0.0,Kolkata
2024-01-08,25.9,15.5,0.0,Kolkata
2024-01-09,25.4,14.3,0.0,Kolkata
2024-01-10,26.0,13.6,0.0,Kolkata
2024-01-11,25.1,14.2,0.0,Kolkata
2024-01-12,23.1,11.6,0.0,Kolkata
2024-01-13,22.7,10.5,0.0,Kolkata
2024-01-14,22.4,10.4,0.0,Kolkata
2024-01-15,22.1,10.3,0.0,Kolkata
2024-01-16,22.7,11.2,0.0,Kolkata
2024-01-17,24.0,11.6,0.0,Kolkata
2024-01-18,19.5,15.4,15.9,Kolkata
2024-01-19,23.2,14.9,0.1,Kolkata
2024-01-20,22.9,13.1,0.0,Kolkata
2024-01-21,20.5,14.4,0.6,Kolkata
2024-01-22,21.6,11.3,0.0,Kolkata
2024-01-23,22.8,10.5,0.0,Kolkata
2024-01-24,21.5,14.6,8.8,Kolkata
2024-01-25,22.7,13.2,0.0,Kolkata
2024-01-26,23.0,12.3,0.0,Kolkata
2024-01-27,23.0,11.4,0.0,Kolkata
2024-01-28,23.6,10.2,0.0,Kolkata
2024-01-29,24.8,11.6,0.0,Kolkata
2024-01-30,26.8,13.4,1.2,Kolkata
2024-01-31,25.5,17.5,17.7,Kolkata
2024-02-01,25.0,16.9,7.5,Kolkata
2024-02-02,26.6,17.2,1.2,Kolkata
2024-02-03,26.0,16.4,0.0,Kolkata
2024-02-04,26.6,13.8,0.0,Kolkata
2024-02-05,27.1,15.4,0.0,Kolkata
2024-02-06,28.2,18.7,1.4,Kolkata
2024-02-07,26.0,18.2,0.0,Kolkata
2024-02-08,24.8,15.1,0.0,Kolkata
2024-02-09,23.4,13.4,0.0,Kolkata
2024-02-10,24.8,12.4,0.0,Kolkata
2024-02-11,26.9,12.4,0.0,Kolkata
2024-02-12,27.6,15.0,0.0,Kolkata
2024-02-13,29.1,17.2,0.0,Kolkata
2024-02-14,28.6,16.5,0.0,Kolkata
2024-02-15,28.0,17.1,0.0,Kolkata
2024-02-16,28.9,17.6,0.0,Kolkata
2024-02-17,28.1,15.1,0.0,Kolkata
2024-02-18,29.4,16.4,0.3,Kolkata
2024-02-19,30.1,19.2,0.3,Kolkata
2024-02-20,31.6,21.6,0.9,Kolkata
2024-02-21,32.9,20.7,0.0,Kolkata
2024-02-22,30.0,21.1,3.5,Kolkata
2024-02-23,28.8,19.5,0.2,Kolkata
2024-02-24,28.0,17.7,0.0,Kolkata
2024-02-25,24.9,18.4,3.6,Kolkata
2024-02-26,28.5,17.5,0.0,Kolkata
2024-02-27,29.0,18.0,0.0,Kolkata
2024-02-28,29.4,18.5,0.1,Kolkata
2024-02-29,30.0,18.7,0.0,Kolkata
2024-03-01,30.4,17.7,0.0,Kolkata
2024-03-02,30.8,18.0,0.0,Kolkata
2024-03-03,31.5,20.8,0.3,Kolkata
2024-03-04,31.4,20.1,1.1,Kolkata
2024-03-05,31.3,21.0,0.0,Kolkata
2024-03-06,29.7,18.9,0.0,Kolkata
2024-03-07,28.8,19.2,0.1,Kolkata
2024-03-08,30.6,18.9,0.0,Kolkata
2024-03-09,30.1,15.7,0.0,Kolkata
2024-03-10,30.2,17.1,0.0,Kolkata
2024-03-11,31.8,15.4,0.0,Kolkata
2024-03-12,33.4,21.6,0.0,Kolkata
2024-03-13,33.6,22.7,3.5,Kolkata
2024-03-14,32.1,22.5,5.7,Kolkata
2024-03-15,33.3,23.1,4.3,Kolkata
2024-03-16,32.1,24.1,0.6,Kolkata
2024-03-17,31.7,22.0,0.0,Kolkata
2024-03-18,29.5,22.6,11.7,Kolkata
2024-03-19,30.2,22.5,2.3,Kolkata
2024-03-20,23.6,18.5,13.2,Kolkata
2024-03-21,26.3,18.5,3.3,Kolkata
2024-03-22,28.2,17.1,0.0,Kolkata
2024-03-23,32.0,19.9,3.8,Kolkata
2024-03-24,34.0,23.6,0.0,Kolkata
2024-03-25,33.1,22.3,0.8,Kolkata
2024-03-26,32.5,23.8,0.2,Kolkata
2024-03-27,35.2,23.1,2.4,Kolkata
2024-03-28,34.5,23.0,0.1,Kolkata
2024-03-29,35.2,24.5,0.8,Kolkata
2024-03-30,36.0,25.0,0.2,Kolkata
2024-03-31,35.3,25.5,7.3,Kolkata
2024-04-01,37.0,25.5,0.0,Kolkata
2024-04-02,36.2,24.8,0.0,Kolkata
2024-04-03,36.8,25.0,0.0,Kolkata
2024-04-04,36.7,26.2,15.6,Kolkata
2024-04-05,38.2,26.5,0.0,Kolkata
2024-04-06,37.7,26.4,3.3,Kolkata
2024-04-07,36.2,26.2,2.5,Kolkata
2024-04-08,32.0,22.9,0.1,Kolkata
2024-04-09,34.7,21.7,0.0,Kolkata
2024-04-10,35.7,22.5,0.0,Kolkata
2024-04-11,32.8,23.6,0.8,Kolkata
2024-04-12,34.9,22.5,0.0,Kolkata
2024-04-13,36.6,23.0,0.0,Kolkata
2024-04-14,36.5,24.0,0.0,Kolkata
2024-04-15,38.5,24.5,0.0,Kolkata
2024-04-16,38.9,26.6,0.0,Kolkata
2024-04-17,38.7,27.5,0.0,Kolkata
2024-04-18,38.7,25.6,0.0,Kolkata
2024-04-19,40.8,25.3,0.0,Kolkata
2024-04-20,41.7,26.3,0.0,Kolkata
2024-04-21,41.2,27.2,0.0,Kolkata
2024-04-22,40.0,27.7,0.0,Kolkata
2024-04-23,38.7,26.6,0.0,Kolkata
2024-04-24,39.8,27.2,0.0,Kolkata
2024-04-25,40.4,25.6,0.0,Kolkata
2024-04-26,41.0,27.5,0.0,Kolkata
2024-04-27,40.8,28.0,0.0,Kolkata
2024-04-28,40.4,28.3,1.6,Kolkata
2024-04-29,41.5,28.5,0.0,Kolkata
2024-04-30,43.9,29.3,0.0,Kolkata
2024-05-01,41.5,28.8,0.0,Kolkata
2024-05-02,41.7,29.2,0.3,Kolkata
2024-05-03,40.0,26.9,0.0,Kolkata
2024-05-04,39.0,27.9,0.0,Kolkata
2024-05-05,37.2,28.3,0.0,Kolkata
2024-05-06,36.5,25.0,38.8,Kolkata
2024-05-07,34.2,25.4,0.4,Kolkata
2024-05-08,30.4,24.4,2.2,Kolkata
2024-05-09,30.7,24.2,5.6,Kolkata
2024-05-10,31.0,24.4,12.3,Kolkata
2024-05-11,31.2,25.7,12.4,Kolkata
2024-05-12,32.8,24.4,6.9,Kolkata
2024-05-13,33.5,24.7,0.0,Kolkata
2024-05-14,34.2,25.4,8.4,Kolkata
2024-05-15,35.0,26.2,0.0,Kolkata
2024-05-16,36.0,26.4,0.0,Kolkata
2024-05-17,37.7,27.5,0.1,Kolkata
2024-05-18,37.2,29.0,0.0,Kolkata
2024-05-19,34.9,29.2,0.0,Kolkata
2024-05-20,34.0,27.1,19.3,Kolkata
2024-05-21,34.0,27.1,10.1,Kolkata
2024-05-22,34.3,27.2,1.9,Kolkata
2024-05-23,34.7,26.1,1.0,Kolkata
2024-05-24,35.4,27.1,0.0,Kolkata
2024-05-25,35.5,27.5,0.5,Kolkata
2024-05-26,30.5,26.7,33.2,Kolkata
2024-05-27,27.8,26.1,80.5,Kolkata
2024-05-28,36.0,26.2,0.5,Kolkata
2024-05-29,35.2,29.4,0.0,Kolkata
2024-05-30,34.8,29.8,0.0,Kolkata
2024-05-31,34.1,28.7,0.0,Kolkata
2024-06-01,34.5,27.8,0.7,Kolkata
2024-06-02,33.9,28.7,5.9,Kolkata
2024-06-03,34.8,28.5,0.0,Kolkata
2024-06-04,35.3,28.9,0.0,Kolkata
2024-06-05,36.0,28.5,0.7,Kolkata
2024-06-06,37.0,26.9,1.4,Kolkata
2024-06-07,36.6,26.0,0.0,Kolkata
2024-06-08,35.2,28.1,0.0,Kolkata
2024-06-09,36.5,28.3,0.0,Kolkata
2024-06-10,36.2,28.8,0.0,Kolkata
2024-06-11,36.3,29.0,0.0,Kolkata
2024-06-12,34.8,28.6,0.0,Kolkata
2024-06-13,35.5,28.8,0.2,Kolkata
2024-06-14,37.5,29.0,0.0,Kolkata
2024-06-15,37.1,29.5,6.6,Kolkata
2024-06-16,36.6,29.8,0.0,Kolkata
2024-06-17,37.4,29.6,0.0,Kolkata
2024-06-18,32.2,28.4,19.4,Kolkata
2024-06-19,34.8,28.1,2.9,Kolkata
2024-06-20,35.0,28.0,24.9,Kolkata
2024-06-21,31.8,27.6,1.9,Kolkata
2024-06-22,32.8,27.0,9.7,Kolkata
2024-06-23,33.4,26.9,3.7,Kolkata
2024-06-24,33.3,27.4,0.3,Kolkata
2024-06-25,33.8,28.2,0.4,Kolkata
2024-06-26,33.8,27.5,2.5,Kolkata
2024-06-27,32.8,27.6,14.6,Kolkata
2024-06-28,32.4,27.1,14.3,Kolkata
2024-06-29,31.6,27.0,4.9,Kolkata
2024-06-30,31.6,26.4,20.6,Kolkata
2024-07-01,32.2,26.0,20.7,Kolkata
2024-07-02,30.0,25.8,30.5,Kolkata
2024-07-03,28.9,25.8,13.0,Kolkata
2024-07-04,31.5,25.5,15.7,Kolkata
2024-07-05,32.5,25.9,24.5,Kolkata
2024-07-06,32.3,26.5,4.8,Kolkata
2024-07-07,32.4,26.5,7.0,Kolkata
2024-07-08,32.5,26.2,1.3,Kolkata
2024-07-09,32.2,27.0,5.4,Kolkata
2024-07-10,32.5,27.5,1.0,Kolkata
2024-07-11,32.8,27.4,11.9,Kolkata
2024-07-12,32.5,26.5,18.2,Kolkata
2024-07-13,31.9,25.5,9.8,Kolkata
2024-07-14,32.2,26.1,4.3,Kolkata
2024-07-15,32.1,27.0,1.9,Kolkata
2024-07-16,31.9,26.9,1.1,Kolkata
2024-07-17,33.2,26.6,5.1,Kolkata
2024-07-18,33.5,26.9,1.2,Kolkata
2024-07-19,32.0,27.4,3.0,Kolkata
2024-07-20,32.8,27.1,1.7,Kolkata
2024-07-21,31.4,26.9,10.1,Kolkata
2024-07-22,31.8,26.7,8.0,Kolkata
2024-07-23,31.8,26.0,19.5,Kolkata
2024-07-24,32.0,26.6,17.2,Kolkata
2024-07-25,31.7,26.6,12.5,Kolkata
2024-07-26,30.2,26.2,21.8,Kolkata
2024-07-27,31.6,27.1,5.7,Kolkata
2024-07-28,32.0,26.5,8.0,Kolkata
2024-07-29,31.1,26.4,24.4,Kolkata
2024-07-30,33.0,26.1,5.1,Kolkata
2024-07-31,31.5,25.9,31.2,Kolkata
2024-08-01,28.0,25.8,31.7,Kolkata
2024-08-02,30.4,25.9,29.9,Kolkata
2024-08-03,31.4,25.0,16.0,Kolkata
2024-08-04,31.0,24.9,28.5,Kolkata
2024-08-05,32.4,24.9,61.5,Kolkata
2024-08-06,31.2,26.2,7.5,Kolkata
2024-08-07,30.9,25.9,6.0,Kolkata
2024-08-08,31.2,25.9,5.1,Kolkata
2024-08-09,31.0,25.5,10.1,Kolkata
2024-08-10,32.0,25.2,24.7,Kolkata
2024-08-11,32.5,25.4,10.3,Kolkata
2024-08-12,32.3,25.3,13.4,Kolkata
2024-08-13,32.8,25.5,8.4,Kolkata
2024-08-14,32.3,25.4,56.7,Kolkata
2024-08-15,32.7,26.1,5.8,Kolkata
2024-08-16,31.2,24.6,2.1,Kolkata
2024-08-17,32.8,25.3,10.8,Kolkata
2024-08-18,30.1,25.7,19.9,Kolkata
2024-08-19,30.5,25.5,14.9,Kolkata
2024-08-20,30.7,25.1,29.0,Kolkata
2024-08-21,31.8,25.5,18.8,Kolkata
2024-08-22,31.4,25.5,35.4,Kolkata
2024-08-23,29.8,25.1,22.9,Kolkata
2024-08-24,27.4,25.0,13.8,Kolkata
2024-08-25,28.9,24.6,35.1,Kolkata
2024-08-26,29.4,24.6,53.3,Kolkata
2024-08-27,29.6,24.8,28.1,Kolkata
2024-08-28,31.6,24.9,7.1,Kolkata
2024-08-29,32.2,25.5,1.2,Kolkata
2024-08-30,32.9,25.1,0.5,Kolkata
2024-08-31,32.2,26.5,4.8,Kolkata
2024-09-01,30.9,26.3,9.4,Kolkata
2024-09-02,32.2,25.6,5.9,Kolkata
2024-09-03,32.0,25.9,8.6,Kolkata
2024-09-04,31.9,25.5,5.4,Kolkata
2024-09-05,32.1,25.8,1.5,Kolkata
2024-09-06,33.0,26.4,4.7,Kolkata
2024-09-07,33.4,25.6,14.6,Kolkata
2024-09-08,32.3,26.5,6.1,Kolkata
2024-09-09,32.2,26.5,4.1,Kolkata
2024-09-10,31.9,26.4,3.2,Kolkata
2024-09-11,31.9,26.3,6.6,Kolkata
2024-09-12,31.4,26.1,14.3,Kolkata
2024-09-13,31.6,25.5,24.4,Kolkata
2024-09-14,27.9,25.1,64.6,Kolkata
2024-09-15,27.0,24.8,25.3,Kolkata
2024-09-16,29.2,25.2,25.3,Kolkata
2024-09-17,32.6,25.4,0.5,Kolkata
2024-09-18,33.0,24.1,0.0,Kolkata
2024-09-19,32.7,25.7,0.1,Kolkata
2024-09-20,33.4,26.4,1.5,Kolkata
2024-09-21,33.3,25.9,4.5,Kolkata
2024-09-22,34.0,26.2,4.2,Kolkata
2024-09-23,33.5,26.5,12.6,Kolkata
2024-09-24,30.5,26.4,14.2,Kolkata
2024-09-25,28.0,25.4,34.0,Kolkata
2024-09-26,28.5,24.6,23.7,Kolkata
2024-09-27,30.5,24.4,6.2,Kolkata
2024-09-28,31.4,25.6,1.3,Kolkata
2024-09-29,32.4,26.3,1.0,Kolkata
2024-09-30,33.5,26.3,0.4,Kolkata
2024-10-01,34.2,26.6,13.6,Kolkata
2024-10-02,31.6,25.2,14.4,Kolkata
2024-10-03,31.5,26.5,3.6,Kolkata
2024-10-04,30.0,25.3,28.4,Kolkata
2024-10-05,30.1,24.8,13.6,Kolkata
2024-10-06,30.3,24.0,10.1,Kolkata
2024-10-07,30.7,24.4,14.5,Kolkata
2024-10-08,31.0,25.1,9.8,Kolkata
2024-10-09,29.9,25.0,14.9,Kolkata
2024-10-10,31.1,25.3,11.1,Kolkata
2024-10-11,32.0,25.4,3.6,Kolkata
2024-10-12,31.9,24.9,5.4,Kolkata
2024-10-13,32.0,24.9,3.8,Kolkata
2024-10-14,32.4,25.0,0.0,Kolkata
2024-10-15,31.5,24.9,5.8,Kolkata
2024-10-16,31.3,24.4,0.0,Kolkata
2024-10-17,30.9,24.5,8.0,Kolkata
2024-10-18,30.1,23.8,6.4,Kolkata
2024-10-19,30.5,23.6,7.8,Kolkata
2024-10-20,30.5,23.8,0.0,Kolkata
2024-10-21,30.4,23.3,0.0,Kolkata
2024-10-22,30.9,22.6,0.0,Kolkata
2024-10-23,29.5,24.0,1.9,Kolkata
2024-10-24,26.4,24.0,18.4,Kolkata
2024-10-25,25.9,24.1,57.1,Kolkata
2024-10-26,31.5,24.2,4.5,Kolkata
2024-10-27,30.5,24.0,1.5,Kolkata
2024-10-28,31.4,23.2,0.0,Kolkata
2024-10-29,31.4,23.5,0.0,Kolkata
2024-10-30,30.8,24.2,1.3,Kolkata
2024-10-31,31.2,24.2,1.8,Kolkata
2024-11-01,32.3,23.5,0.0,Kolkata
2024-11-02,31.4,23.4,0.0,Kolkata
2024-11-03,31.0,21.2,0.0,Kolkata
2024-11-04,30.2,21.5,0.0,Kolkata
2024-11-05,29.2,22.1,0.6,Kolkata
2024-11-06,29.5,22.4,1.3,Kolkata
2024-11-07,30.0,20.9,0.2,Kolkata
2024-11-08,30.2,21.6,0.0,Kolkata
2024-11-09,29.5,21.2,0.0,Kolkata
2024-11-10,29.9,21.0,0.0,Kolkata
2024-11-11,30.0,21.0,0.0,Kolkata
2024-11-12,29.9,20.2,0.0,Kolkata
2024-11-13,31.5,21.0,0.0,Kolkata
2024-11-14,30.8,21.7,0.0,Kolkata
2024-11-15,30.1,19.6,0.0,Kolkata
2024-11-16,29.2,18.8,0.0,Kolkata
2024-11-17,28.6,18.5,0.0,Kolkata
2024-11-18,28.0,18.8,0.0,Kolkata
2024-11-19,28.5,18.7,0.0,Kolkata
2024-11-20,29.0,17.4,0.0,Kolkata
2024-11-21,28.8,18.1,0.0,Kolkata
2024-11-22,28.7,18.4,0.0,Kolkata
2024-11-23,28.5,17.5,0.0,Kolkata
2024-11-24,28.1,17.2,0.0,Kolkata
2024-11-25,27.5,17.3,0.0,Kolkata
2024-11-26,27.4,17.9,0.0,Kolkata
2024-11-27,28.5,16.9,0.0,Kolkata
2024-11-28,28.8,18.5,0.0,Kolkata
2024-11-29,27.0,20.6,0.0,Kolkata
2024-11-30,23.7,19.0,0.7,Kolkata
2024-12-01,27.8,18.4,0.2,Kolkata
2024-12-02,23.6,20.0,0.1,Kolkata
2024-12-03,27.6,19.3,0.0,Kolkata
2024-12-04,27.1,17.9,0.0,Kolkata
2024-12-05,28.4,16.9,0.0,Kolkata
2024-12-06,26.8,16.4,0.0,Kolkata
2024-12-07,25.8,16.5,0.0,Kolkata
2024-12-08,26.0,15.6,0.0,Kolkata
2024-12-09,26.7,17.2,0.0,Kolkata
2024-12-10,26.3,17.4,1.3,Kolkata
2024-12-11,24.6,16.0,0.0,Kolkata
2024-12-12,24.2,13.4,0.0,Kolkata
2024-12-13,23.6,13.2,0.0,Kolkata
2024-12-14,23.5,13.2,0.0,Kolkata
2024-12-15,23.9,12.1,0.0,Kolkata
2024-12-16,25.0,13.2,0.0,Kolkata
2024-12-17,26.6,14.2,0.0,Kolkata
2024-12-18,27.1,15.6,0.0,Kolkata
2024-12-19,27.0,16.8,0.0,Kolkata
2024-12-20,26.6,15.8,0.7,Kolkata
2024-12-21,20.1,16.4,10.5,Kolkata
2024-12-22,25.3,16.1,0.0,Kolkata
2024-12-23,26.5,17.2,0.0,Kolkata
2024-12-24,26.0,17.5,0.0,Kolkata
2024-12-25,23.9,18.5,0.5,Kolkata
2024-12-26,27.1,17.2,0.0,Kolkata
2024-12-27,26.9,16.9,0.0,Kolkata
2024-12-28,26.4,15.9,0.0,Kolkata
2024-12-29,27.0,16.0,0.0,Kolkata
2024-12-30,26.6,17.7,0.0,Kolkata
2024-12-31,24.4,16.8,0.0,Kolkata
2024-01-01,27.7,14.6,0.0,Hyderabad
2024-01-02,27.2,14.6,0.0,Hyderabad
2024-01-03,27.1,17.1,0.0,Hyderabad
2024-01-04,27.6,18.2,0.0,Hyderabad
2024-01-05,27.5,17.0,0.0,Hyderabad
2024-01-06,27.9,16.9,0.0,Hyderabad
2024-01-07,27.0,17.5,0.0,Hyderabad
2024-01-08,27.4,16.5,0.0,Hyderabad
2024-01-09,28.2,17.0,0.0,Hyderabad
2024-01-10,26.0,17.6,0.5,Hyderabad
2024-01-11,29.5,17.7,0.0,Hyderabad
2024-01-12,30.0,18.6,0.0,Hyderabad
2024-01-13,30.0,17.5,0.0,Hyderabad
2024-01-14,30.3,17.6,0.0,Hyderabad
2024-01-15,29.2,17.2,0.0,Hyderabad
2024-01-16,29.8,18.3,0.0,Hyderabad
2024-01-17,29.8,17.7,0.0,Hyderabad
2024-01-18,28.5,18.0,0.0,Hyderabad
2024-01-19,29.9,17.0,0.0,Hyderabad
2024-01-20,29.0,18.9,0.0,Hyderabad
2024-01-21,30.1,18.1,0.0,Hyderabad
2024-01-22,31.0,20.2,0.0,Hyderabad
2024-01-23,30.7,19.0,0.0,Hyderabad
2024-01-24,29.6,19.1,0.0,Hyderabad
2024-01-25,28.3,18.0,0.0,Hyderabad
2024-01-26,29.6,17.8,0.0,Hyderabad
2024-01-27,29.0,17.5,0.0,Hyderabad
2024-01-28,29.0,16.4,0.0,Hyderabad
2024-01-29,29.1,15.9,0.0,Hyderabad
2024-01-30,29.2,16.5,0.0,Hyderabad
2024-01-31,30.8,16.8,0.0,Hyderabad
2024-02-01,31.0,18.2,0.0,Hyderabad
2024-02-02,30.8,17.1,0.0,Hyderabad
2024-02-03,29.9,19.4,0.2,Hyderabad
2024-02-04,31.2,20.4,0.0,Hyderabad
2024-02-05,32.3,19.0,0.0,Hyderabad
2024-02-06,32.8,20.1,0.0,Hyderabad
2024-02-07,33.3,20.2,0.0,Hyderabad
2024-02-08,33.1,20.5,0.0,Hyderabad
2024-02-09,32.3,19.3,0.0,Hyderabad
2024-02-10,32.2,20.5,0.0,Hyderabad
2024-02-11,32.7,19.8,0.0,Hyderabad
2024-02-12,32.0,19.0,0.0,Hyderabad
2024-02-13,32.3,18.0,0.0,Hyderabad
2024-02-14,32.5,18.9,0.0,Hyderabad
2024-02-15,32.2,18.2,0.0,Hyderabad
2024-02-16,32.0,16.6,0.0,Hyderabad
2024-02-17,33.0,17.2,0.0,Hyderabad
2024-02-18,33.5,17.7,0.0,Hyderabad
2024-02-19,33.5,18.5,0.0,Hyderabad
2024-02-20,33.3,19.7,0.0,Hyderabad
2024-02-21,33.3,19.9,0.0,Hyderabad
2024-02-22,33.0,19.0,0.0,Hyderabad
2024-02-23,32.5,19.3,0.0,Hyderabad
2024-02-24,33.7,18.7,0.1,Hyderabad
2024-02-25,32.0,22.3,0.4,Hyderabad
2024-02-26,32.3,20.7,0.1,Hyderabad
2024-02-27,33.3,19.5,0.0,Hyderabad
2024-02-28,32.9,20.2,0.0,Hyderabad
2024-02-29,33.7,19.6,0.0,Hyderabad
2024-03-01,34.3,20.2,0.0,Hyderabad
2024-03-02,35.4,20.7,0.0,Hyderabad
2024-03-03,35.0,21.4,0.0,Hyderabad
2024-03-04,34.8,21.0,0.0,Hyderabad
2024-03-05,34.5,20.9,0.0,Hyderabad
2024-03-06,36.3,23.0,0.0,Hyderabad
2024-03-07,36.0,22.5,0.0,Hyderabad
2024-03-08,35.8,20.8,0.0,Hyderabad
2024-03-09,36.2,21.7,0.0,Hyderabad
2024-03-10,34.8,23.0,0.2,Hyderabad
2024-03-11,35.5,23.0,0.0,Hyderabad
2024-03-12,36.3,22.6,0.0,Hyderabad
2024-03-13,37.3,25.9,0.0,Hyderabad
2024-03-14,35.4,23.0,0.0,Hyderabad
2024-03-15,37.8,22.2,0.0,Hyderabad
2024-03-16,35.1,22.3,0.4,Hyderabad
2024-03-17,34.8,22.8,5.7,Hyderabad
2024-03-18,34.2,23.4,0.9,Hyderabad
2024-03-19,34.9,22.3,0.2,Hyderabad
2024-03-20,30.8,21.8,0.2,Hyderabad
2024-03-21,33.0,20.4,0.0,Hyderabad
2024-03-22,35.1,19.8,0.0,Hyderabad
2024-03-23,35.3,20.9,0.0,Hyderabad
2024-03-24,35.3,23.0,0.0,Hyderabad
2024-03-25,35.5,23.0,0.0,Hyderabad
2024-03-26,36.8,22.6,0.0,Hyderabad
2024-03-27,37.2,22.4,0.0,Hyderabad
2024-03-28,38.2,21.9,0.0,Hyderabad
2024-03-29,38.7,23.7,0.0,Hyderabad
2024-03-30,38.4,23.0,0.0,Hyderabad
2024-03-31,37.5,23.0,0.0,Hyderabad
2024-04-01,38.0,22.6,0.0,Hyderabad
2024-04-02,37.7,23.9,0.0,Hyderabad
2024-04-03,38.4,24.5,0.0,Hyderabad
2024-04-04,38.8,23.6,0.0,Hyderabad
2024-04-05,39.2,25.8,0.0,Hyderabad
2024-04-06,38.7,26.4,0.0,Hyderabad
2024-04-07,39.5,25.0,0.0,Hyderabad
2024-04-08,37.3,25.8,0.0,Hyderabad
2024-04-09,35.0,23.8,0.0,Hyderabad
2024-04-10,35.6,24.2,0.0,Hyderabad
2024-04-11,35.3,24.4,0.0,Hyderabad
2024-04-12,31.2,23.7,6.3,Hyderabad
2024-04-13,33.0,22.5,1.8,Hyderabad
2024-04-14,36.5,23.8,0.0,Hyderabad
2024-04-15,37.7,23.8,0.0,Hyderabad
2024-04-16,37.8,24.4,0.0,Hyderabad
2024-04-17,37.8,24.9,0.1,Hyderabad
2024-04-18,38.5,26.4,0.0,Hyderabad
2024-04-19,37.8,26.1,0.1,Hyderabad
2024-04-20,36.4,25.8,0.5,Hyderabad
2024-04-21,36.9,26.2,1.7,Hyderabad
2024-04-22,37.0,25.7,0.0,Hyderabad
2024-04-23,39.0,23.4,0.0,Hyderabad
2024-04-24,38.7,22.9,0.0,Hyderabad
2024-04-25,39.0,25.5,0.0,Hyderabad
2024-04-26,40.4,23.8,0.0,Hyderabad
2024-04-27,38.7,24.6,0.0,Hyderabad
2024-04-28,40.5,25.8,0.0,Hyderabad
2024-04-29,39.6,25.5,0.0,Hyderabad
2024-04-30,39.9,25.8,0.0,Hyderabad
2024-05-01,40.5,28.0,0.0,Hyderabad
2024-05-02,39.5,25.2,0.0,Hyderabad
2024-05-03,40.4,24.0,0.0,Hyderabad
2024-05-04,41.4,24.9,0.0,Hyderabad
2024-05-05,40.0,26.0,0.0,Hyderabad
2024-05-06,40.8,25.9,0.0,Hyderabad
2024-05-07,35.0,23.9,1.6,Hyderabad
2024-05-08,36.5,23.4,0.8,Hyderabad
2024-05-09,36.2,23.6,0.8,Hyderabad
2024-05-10,34.8,22.0,22.9,Hyderabad
2024-05-11,37.2,24.2,0.0,Hyderabad
2024-05-12,35.8,24.2,5.1,Hyderabad
2024-05-13,34.9,24.9,1.6,Hyderabad
2024-05-14,35.0,24.4,0.5,Hyderabad
2024-05-15,36.1,24.5,1.0,Hyderabad
2024-05-16,32.8,23.6,13.5,Hyderabad
2024-05-17,32.5,23.0,2.3,Hyderabad
2024-05-18,33.0,24.1,10.7,Hyderabad
2024-05-19,32.8,23.7,10.3,Hyderabad
2024-05-20,32.7,23.1,9.2,Hyderabad
2024-05-21,34.5,24.7,0.2,Hyderabad
2024-05-22,35.2,24.4,5.5,Hyderabad
2024-05-23,36.2,25.0,0.0,Hyderabad
2024-05-24,38.6,26.4,0.0,Hyderabad
2024-05-25,37.0,27.3,0.5,Hyderabad
2024-05-26,37.6,28.2,0.2,Hyderabad
2024-05-27,38.0,27.9,0.0,Hyderabad
2024-05-28,37.0,26.8,0.0,Hyderabad
2024-05-29,38.5,27.0,0.0,Hyderabad
2024-05-30,38.4,27.9,0.0,Hyderabad
2024-05-31,39.5,28.0,0.0,Hyderabad
2024-06-01,39.2,27.6,0.0,Hyderabad
2024-06-02,37.2,26.1,25.2,Hyderabad
2024-06-03,33.6,22.7,11.9,Hyderabad
2024-06-04,33.5,25.2,7.4,Hyderabad
2024-06-05,32.2,24.1,34.1,Hyderabad
2024-06-06,34.0,23.6,38.3,Hyderabad
2024-06-07,32.0,23.2,4.5,Hyderabad
2024-06-08,31.3,24.0,6.3,Hyderabad
2024-06-09,30.9,23.3,1.6,Hyderabad
2024-06-10,29.2,23.4,10.6,Hyderabad
2024-06-11,31.0,23.0,6.0,Hyderabad
2024-06-12,31.1,22.5,6.2,Hyderabad
2024-06-13,32.0,23.4,32.4,Hyderabad
2024-06-14,30.4,23.2,8.7,Hyderabad
2024-06-15,31.6,23.5,0.8,Hyderabad
2024-06-16,31.1,23.9,2.1,Hyderabad
2024-06-17,32.4,23.5,2.8,Hyderabad
2024-06-18,32.5,23.8,0.4,Hyderabad
2024-06-19,30.3,23.8,6.5,Hyderabad
2024-06-20,32.1,24.5,0.6,Hyderabad
2024-06-21,32.2,24.5,2.8,Hyderabad
2024-06-22,29.0,23.9,15.8,Hyderabad
2024-06-23,31.9,23.1,2.5,Hyderabad
2024-06-24,31.5,23.8,0.1,Hyderabad
2024-06-25,32.5,24.1,7.9,Hyderabad
2024-06-26,31.6,24.0,7.4,Hyderabad
2024-06-27,27.5,23.5,28.0,Hyderabad
2024-06-28,28.9,23.0,8.9,Hyderabad
2024-06-29,30.0,23.4,2.2,Hyderabad
2024-06-30,28.5,23.6,11.8,Hyderabad
2024-07-01,28.9,23.4,1.0,Hyderabad
2024-07-02,30.9,23.6,1.8,Hyderabad
2024-07-03,30.7,23.5,0.0,Hyderabad
2024-07-04,31.2,24.0,0.1,Hyderabad
2024-07-05,30.8,23.7,2.4,Hyderabad
2024-07-06,29.6,23.2,9.9,Hyderabad
2024-07-07,28.9,22.8,9.3,Hyderabad
2024-07-08,29.1,22.6,25.9,Hyderabad
2024-07-09,29.3,23.0,8.6,Hyderabad
2024-07-10,31.1,22.6,2.1,Hyderabad
2024-07-11,31.0,23.0,12.0,Hyderabad
2024-07-12,30.9,23.3,3.3,Hyderabad
2024-07-13,30.5,23.1,3.6,Hyderabad
2024-07-14,26.2,23.0,17.7,Hyderabad
2024-07-15,29.1,23.2,5.4,Hyderabad
2024-07-16,29.8,23.0,8.8,Hyderabad
2024-07-17,28.6,22.9,3.6,Hyderabad
2024-07-18,27.5,23.0,10.8,Hyderabad
2024-07-19,27.5,22.4,28.3,Hyderabad
2024-07-20,25.9,22.6,20.6,Hyderabad
2024-07-21,27.6,22.4,13.5,Hyderabad
2024-07-22,25.8,22.8,10.2,Hyderabad
2024-07-23,26.6,23.0,11.9,Hyderabad
2024-07-24,24.5,22.4,25.7,Hyderabad
2024-07-25,24.9,22.4,18.2,Hyderabad
2024-07-26,27.2,22.0,13.5,Hyderabad
2024-07-27,25.5,22.9,10.5,Hyderabad
2024-07-28,28.6,22.6,4.8,Hyderabad
2024-07-29,29.3,23.3,3.8,Hyderabad
2024-07-30,29.9,23.4,0.0,Hyderabad
2024-07-31,29.6,23.4,1.5,Hyderabad
2024-08-01,29.0,23.7,3.7,Hyderabad
2024-08-02,27.4,22.9,11.5,Hyderabad
2024-08-03,28.1,23.0,0.4,Hyderabad
2024-08-04,29.0,22.9,4.9,Hyderabad
2024-08-05,30.2,22.6,0.5,Hyderabad
2024-08-06,29.0,22.5,5.5,Hyderabad
2024-08-07,25.0,22.6,22.2,Hyderabad
2024-08-08,29.0,22.0,7.9,Hyderabad
2024-08-09,30.3,21.9,3.6,Hyderabad
2024-08-10,30.3,22.8,0.4,Hyderabad
2024-08-11,29.4,22.9,0.2,Hyderabad
2024-08-12,28.1,23.0,39.0,Hyderabad
2024-08-13,30.4,22.6,2.2,Hyderabad
2024-08-14,30.8,23.5,0.2,Hyderabad
2024-08-15,31.0,23.2,1.1,Hyderabad
2024-08-16,31.1,23.0,26.6,Hyderabad
2024-08-17,30.4,22.8,3.2,Hyderabad
2024-08-18,31.1,23.5,7.8,Hyderabad
2024-08-19,28.8,23.5,17.3,Hyderabad
2024-08-20,29.9,23.0,8.2,Hyderabad
2024-08-21,31.2,23.0,7.4,Hyderabad
2024-08-22,30.0,22.6,6.9,Hyderabad
2024-08-23,28.4,23.2,0.2,Hyderabad
2024-08-24,27.2,22.9,12.7,Hyderabad
2024-08-25,27.0,22.0,9.1,Hyderabad
2024-08-26,29.2,22.4,1.8,Hyderabad
2024-08-27,29.6,22.4,4.0,Hyderabad
2024-08-28,29.2,22.4,3.3,Hyderabad
2024-08-29,29.2,22.3,1.0,Hyderabad
2024-08-30,24.8,22.9,15.9,Hyderabad
2024-08-31,25.1,21.9,25.0,Hyderabad
2024-09-01,23.1,21.7,72.0,Hyderabad
2024-09-02,25.1,22.0,19.6,Hyderabad
2024-09-03,27.5,22.8,8.8,Hyderabad
2024-09-04,28.1,22.5,7.9,Hyderabad
2024-09-05,29.4,22.6,3.7,Hyderabad
2024-09-06,29.0,22.6,2.9,Hyderabad
2024-09-07,26.5,22.8,10.3,Hyderabad
2024-09-08,26.4,22.6,16.1,Hyderabad
2024-09-09,25.0,22.6,12.9,Hyderabad
2024-09-10,29.2,22.4,2.5,Hyderabad
2024-09-11,29.4,22.0,0.1,Hyderabad
2024-09-12,28.7,22.1,0.0,Hyderabad
2024-09-13,28.6,21.9,0.0,Hyderabad
2024-09-14,29.1,21.6,0.0,Hyderabad
2024-09-15,29.4,21.8,0.0,Hyderabad
2024-09-16,27.8,22.1,0.8,Hyderabad
2024-09-17,29.8,22.0,0.0,Hyderabad
2024-09-18,29.5,21.0,0.1,Hyderabad
2024-09-19,30.4,21.1,0.0,Hyderabad
2024-09-20,30.9,22.0,0.4,Hyderabad
2024-09-21,29.5,22.3,6.1,Hyderabad
2024-09-22,29.3,22.1,2.4,Hyderabad
2024-09-23,29.2,22.1,20.0,Hyderabad
2024-09-24,29.2,22.5,13.6,Hyderabad
2024-09-25,28.7,22.7,14.6,Hyderabad
2024-09-26,27.8,22.9,8.6,Hyderabad
2024-09-27,29.0,22.8,0.0,Hyderabad
2024-09-28,29.6,22.2,0.0,Hyderabad
2024-09-29,30.7,22.0,0.8,Hyderabad
2024-09-30,29.9,22.5,3.7,Hyderabad
2024-10-01,31.2,22.6,2.7,Hyderabad
2024-10-02,31.8,22.4,3.1,Hyderabad
2024-10-03,31.5,22.5,1.1,Hyderabad
2024-10-04,30.6,22.4,0.1,Hyderabad
2024-10-05,30.4,22.2,2.2,Hyderabad
2024-10-06,30.7,22.2,1.4,Hyderabad
2024-10-07,30.0,21.6,2.1,Hyderabad
2024-10-08,29.6,21.6,0.2,Hyderabad
2024-10-09,30.1,22.4,2.7,Hyderabad
2024-10-10,29.1,22.5,1.4,Hyderabad
2024-10-11,29.6,22.5,1.7,Hyderabad
2024-10-12,29.5,22.3,4.4,Hyderabad
2024-10-13,29.6,22.2,2.7,Hyderabad
2024-10-14,28.5,21.0,0.2,Hyderabad
2024-10-15,29.4,22.0,11.0,Hyderabad
2024-10-16,29.4,21.9,6.6,Hyderabad
2024-10-17,29.0,22.6,7.8,Hyderabad
2024-10-18,28.8,23.0,2.6,Hyderabad
2024-10-19,30.2,22.0,0.9,Hyderabad
2024-10-20,29.4,21.4,5.9,Hyderabad
2024-10-21,29.5,20.8,1.2,Hyderabad
2024-10-22,29.5,20.9,6.1,Hyderabad
2024-10-23,30.5,21.0,0.0,Hyderabad
2024-10-24,30.7,19.5,0.0,Hyderabad
2024-10-25,30.1,19.9,0.0,Hyderabad
2024-10-26,30.1,20.3,0.4,Hyderabad
2024-10-27,30.5,18.7,0.0,Hyderabad
2024-10-28,30.2,19.5,0.0,Hyderabad
2024-10-29,30.5,20.0,0.1,Hyderabad
2024-10-30,30.2,21.5,6.5,Hyderabad
2024-10-31,28.7,21.1,11.3,Hyderabad
2024-11-01,30.1,21.3,6.1,Hyderabad
2024-11-02,29.1,20.6,1.6,Hyderabad
2024-11-03,28.4,20.5,1.2,Hyderabad
2024-11-04,29.5,20.4,0.0,Hyderabad
2024-11-05,29.7,18.5,0.0,Hyderabad
2024-11-06,30.2,18.1,0.0,Hyderabad
2024-11-07,29.8,17.8,0.0,Hyderabad
2024-11-08,29.5,17.5,0.0,Hyderabad
2024-11-09,29.8,18.1,0.0,Hyderabad
2024-11-10,29.9,18.5,0.0,Hyderabad
2024-11-11,29.3,18.8,0.0,Hyderabad
2024-11-12,29.9,20.5,0.0,Hyderabad
2024-11-13,30.3,22.5,0.0,Hyderabad
2024-11-14,29.5,21.9,1.0,Hyderabad
2024-11-15,30.6,21.6,1.4,Hyderabad
2024-11-16,30.6,21.9,0.0,Hyderabad
2024-11-17,29.5,20.8,0.0,Hyderabad
2024-11-18,28.5,19.9,0.0,Hyderabad
2024-11-19,28.3,19.6,0.0,Hyderabad
2024-11-20,28.1,18.8,0.0,Hyderabad
2024-11-21,28.3,19.2,0.0,Hyderabad
2024-11-22,28.5,19.1,0.0,Hyderabad
2024-11-23,28.3,19.0,0.0,Hyderabad
2024-11-24,28.4,19.4,0.0,Hyderabad
2024-11-25,27.5,18.6,0.0,Hyderabad
2024-11-26,28.8,18.5,0.0,Hyderabad
2024-11-27,27.5,18.9,0.0,Hyderabad
2024-11-28,26.9,18.0,0.0,Hyderabad
2024-11-29,29.0,17.9,0.0,Hyderabad
2024-11-30,29.0,21.1,0.0,Hyderabad
2024-12-01,28.0,22.1,0.7,Hyderabad
2024-12-02,27.2,21.6,4.2,Hyderabad
2024-12-03,27.4,21.3,3.5,Hyderabad
2024-12-04,28.2,21.8,0.8,Hyderabad
2024-12-05,27.4,21.1,12.2,Hyderabad
2024-12-06,29.1,21.5,3.1,Hyderabad
2024-12-07,30.0,21.1,1.4,Hyderabad
2024-12-08,28.6,21.8,1.1,Hyderabad
2024-12-09,27.8,21.4,1.0,Hyderabad
2024-12-10,28.2,21.0,0.6,Hyderabad
2024-12-11,27.1,18.5,0.0,Hyderabad
2024-12-12,27.4,17.5,0.0,Hyderabad
2024-12-13,26.9,18.0,0.0,Hyderabad
2024-12-14,26.6,17.5,0.0,Hyderabad
2024-12-15,26.5,16.9,0.0,Hyderabad
2024-12-16,27.0,15.4,0.0,Hyderabad
2024-12-17,27.5,15.2,0.0,Hyderabad
2024-12-18,28.0,16.6,0.0,Hyderabad
2024-12-19,28.9,18.5,0.0,Hyderabad
2024-12-20,29.4,20.9,0.0,Hyderabad
2024-12-21,29.9,20.0,0.0,Hyderabad
2024-12-22,28.5,20.1,0.0,Hyderabad
2024-12-23,28.5,19.8,0.0,Hyderabad
2024-12-24,28.5,21.0,0.0,Hyderabad
2024-12-25,27.7,20.0,0.1,Hyderabad
2024-12-26,25.9,20.6,0.5,Hyderabad
2024-12-27,26.4,20.6,1.9,Hyderabad
2024-12-28,27.9,18.8,0.0,Hyderabad
2024-12-29,28.9,19.2,0.0,Hyderabad
2024-12-30,30.0,19.4,0.0,Hyderabad
2024-12-31,28.7,19.9,0.0,Hyderabad
2024-01-01,29.5,16.5,0.0,Pune
2024-01-02,30.0,15.9,0.0,Pune
2024-01-03,29.8,16.5,0.0,Pune
2024-01-04,30.0,15.9,0.0,Pune
2024-01-05,29.5,13.9,0.0,Pune
2024-01-06,29.1,15.9,0.0,Pune
2024-01-07,29.5,17.2,0.8,Pune
2024-01-08,29.7,17.4,0.2,Pune
2024-01-09,28.1,18.0,1.0,Pune
2024-01-10,28.4,16.7,3.1,Pune
2024-01-11,28.6,16.9,0.0,Pune
2024-01-12,29.2,17.6,0.0,Pune
2024-01-13,29.7,17.7,0.0,Pune
2024-01-14,29.9,16.7,0.0,Pune
2024-01-15,28.4,14.1,0.0,Pune
2024-01-16,29.5,12.1,0.0,Pune
2024-01-17,28.9,13.1,0.0,Pune
2024-01-18,27.4,14.0,0.0,Pune
2024-01-19,28.8,12.9,0.0,Pune
2024-01-20,28.8,15.7,0.0,Pune
2024-01-21,28.5,15.9,0.0,Pune
2024-01-22,29.9,13.7,0.0,Pune
2024-01-23,27.4,15.4,0.0,Pune
2024-01-24,27.0,14.1,0.0,Pune
2024-01-25,27.4,13.5,0.0,Pune
2024-01-26,29.9,13.0,0.0,Pune
2024-01-27,29.9,16.3,0.0,Pune
2024-01-28,31.2,14.9,0.0,Pune
2024-01-29,30.6,15.8,0.0,Pune
2024-01-30,30.5,16.6,0.0,Pune
2024-01-31,31.4,15.4,0.0,Pune
2024-02-01,28.5,14.1,0.0,Pune
2024-02-02,28.8,15.2,0.0,Pune
2024-02-03,31.0,15.2,0.0,Pune
2024-02-04,33.1,16.6,0.0,Pune
2024-02-05,33.5,18.2,0.0,Pune
2024-02-06,34.6,18.0,0.0,Pune
2024-02-07,33.8,18.8,0.0,Pune
2024-02-08,32.9,17.0,0.0,Pune
2024-02-09,33.7,14.5,0.0,Pune
2024-02-10,34.2,14.5,0.0,Pune
2024-02-11,32.9,14.4,0.0,Pune
2024-02-12,33.1,15.6,0.0,Pune
2024-02-13,33.8,16.5,0.0,Pune
2024-02-14,32.7,15.4,0.0,Pune
2024-02-15,33.5,17.5,0.0,Pune
2024-02-16,35.2,18.8,0.0,Pune
2024-02-17,33.9,17.6,0.0,Pune
2024-02-18,34.5,17.8,0.0,Pune
2024-02-19,33.9,18.6,0.0,Pune
2024-02-20,33.7,17.8,0.0,Pune
2024-02-21,31.5,17.5,0.0,Pune
2024-02-22,30.5,16.2,0.0,Pune
2024-02-23,31.1,15.0,0.0,Pune
2024-02-24,33.0,14.6,0.0,Pune
2024-02-25,33.2,18.0,0.0,Pune
2024-02-26,34.9,16.5,0.0,Pune
2024-02-27,35.1,20.9,0.0,Pune
2024-02-28,33.5,22.0,0.0,Pune
2024-02-29,35.1,21.4,0.0,Pune
2024-03-01,35.8,20.9,0.0,Pune
2024-03-02,34.5,20.8,0.0,Pune
2024-03-03,31.1,18.5,0.0,Pune
2024-03-04,32.4,15.1,0.0,Pune
2024-03-05,34.6,14.5,0.0,Pune
2024-03-06,34.9,16.6,0.0,Pune
2024-03-07,34.7,14.4,0.0,Pune
2024-03-08,35.5,20.1,0.0,Pune
2024-03-09,35.2,18.5,0.0,Pune
2024-03-10,36.5,17.6,0.0,Pune
2024-03-11,36.0,19.9,0.0,Pune
2024-03-12,37.2,20.6,0.0,Pune
2024-03-13,35.4,19.9,0.0,Pune
2024-03-14,35.2,17.3,0.0,Pune
2024-03-15,35.0,18.0,0.0,Pune
2024-03-16,35.6,17.6,0.0,Pune
2024-03-17,36.2,18.8,0.0,Pune
2024-03-18,35.1,20.4,0.0,Pune
2024-03-19,34.9,19.6,0.0,Pune
2024-03-20,35.5,20.6,0.0,Pune
2024-03-21,36.2,19.1,0.0,Pune
2024-03-22,36.4,19.9,0.0,Pune
2024-03-23,36.5,19.9,0.0,Pune
2024-03-24,37.5,22.0,0.0,Pune
2024-03-25,37.8,22.8,0.0,Pune
2024-03-26,38.2,21.7,0.0,Pune
2024-03-27,39.5,22.2,0.0,Pune
2024-03-28,38.7,23.5,0.0,Pune
2024-03-29,38.9,23.8,0.1,Pune
2024-03-30,38.2,23.8,0.0,Pune
2024-03-31,38.3,24.5,0.0,Pune
2024-04-01,39.0,24.9,0.0,Pune
2024-04-02,39.1,21.8,0.0,Pune
2024-04-03,39.0,21.8,0.0,Pune
2024-04-04,39.2,23.1,0.0,Pune
2024-04-05,39.8,22.7,0.0,Pune
2024-04-06,39.4,23.5,0.0,Pune
2024-04-07,38.2,23.4,0.0,Pune
2024-04-08,38.0,20.5,0.0,Pune
2024-04-09,38.8,20.9,0.0,Pune
2024-04-10,38.8,21.5,0.0,Pune
2024-04-11,39.1,22.8,0.0,Pune
2024-04-12,38.3,22.5,0.0,Pune
2024-04-13,37.8,20.8,0.0,Pune
2024-04-14,39.2,19.6,0.0,Pune
2024-04-15,40.4,23.2,0.1,Pune
2024-04-16,39.5,27.2,0.0,Pune
2024-04-17,40.7,27.4,0.3,Pune
2024-04-18,40.3,25.5,0.1,Pune
2024-04-19,40.2,25.8,0.0,Pune
2024-04-20,38.8,25.4,0.0,Pune
2024-04-21,38.2,23.8,0.0,Pune
2024-04-22,38.8,24.0,0.0,Pune
2024-04-23,39.3,23.5,0.0,Pune
2024-04-24,39.3,23.8,0.0,Pune
2024-04-25,39.2,24.8,3.0,Pune
2024-04-26,39.3,25.3,0.1,Pune
2024-04-27,40.3,25.4,0.0,Pune
2024-04-28,41.0,25.5,0.0,Pune
2024-04-29,40.8,25.6,0.0,Pune
2024-04-30,40.8,24.8,0.0,Pune
2024-05-01,38.3,25.1,0.0,Pune
2024-05-02,38.8,22.5,0.0,Pune
2024-05-03,39.8,20.4,0.0,Pune
2024-05-04,39.0,21.6,0.0,Pune
2024-05-05,39.2,23.4,0.0,Pune
2024-05-06,37.9,23.4,0.0,Pune
2024-05-07,37.3,21.7,0.0,Pune
2024-05-08,38.5,21.2,0.0,Pune
2024-05-09,36.5,22.5,0.4,Pune
2024-05-10,36.9,23.6,11.8,Pune
2024-05-11,36.4,23.8,0.2,Pune
2024-05-12,36.0,24.1,2.1,Pune
2024-05-13,34.8,24.0,7.0,Pune
2024-05-14,37.7,24.0,0.0,Pune
2024-05-15,38.2,23.0,0.0,Pune
2024-05-16,39.0,24.0,4.4,Pune
2024-05-17,37.7,23.4,2.0,Pune
2024-05-18,38.7,23.0,0.3,Pune
2024-05-19,38.8,24.9,0.3,Pune
2024-05-20,40.5,25.6,0.8,Pune
2024-05-21,41.7,24.5,0.0,Pune
2024-05-22,39.8,25.2,0.4,Pune
2024-05-23,38.8,25.4,2.7,Pune
2024-05-24,35.8,24.6,0.3,Pune
2024-05-25,34.1,23.6,0.0,Pune
2024-05-26,34.2,24.4,0.0,Pune
2024-05-27,32.7,24.8,0.0,Pune
2024-05-28,34.0,24.2,0.0,Pune
2024-05-29,34.3,23.5,0.0,Pune
2024-05-30,36.2,23.2,0.0,Pune
2024-05-31,35.8,24.0,0.0,Pune
2024-06-01,35.9,24.0,0.1,Pune
2024-06-02,36.2,24.5,0.0,Pune
2024-06-03,37.4,24.2,2.1,Pune
2024-06-04,31.4,24.1,21.0,Pune
2024-06-05,33.2,24.4,7.9,Pune
2024-06-06,33.6,23.5,6.1,Pune
2024-06-07,33.8,23.3,13.8,Pune
2024-06-08,32.2,23.5,9.3,Pune
2024-06-09,27.0,23.0,2.8,Pune
2024-06-10,27.7,22.1,17.1,Pune
2024-06-11,27.9,22.6,21.9,Pune
2024-06-12,28.8,22.9,9.5,Pune
2024-06-13,28.8,23.1,9.1,Pune
2024-06-14,28.9,22.9,1.2,Pune
2024-06-15,29.2,23.0,3.4,Pune
2024-06-16,30.5,22.6,8.7,Pune
2024-06-17,30.6,22.8,5.9,Pune
2024-06-18,29.6,23.1,19.5,Pune
2024-06-19,27.8,23.0,1.8,Pune
2024-06-20,29.0,23.1,3.4,Pune
2024-06-21,29.4,23.4,0.6,Pune
2024-06-22,29.8,22.8,0.5,Pune
2024-06-23,30.3,23.2,2.5,Pune
2024-06-24,30.8,23.2,5.4,Pune
2024-06-25,29.4,23.9,4.0,Pune
2024-06-26,29.6,23.6,5.3,Pune
2024-06-27,27.6,23.4,2.2,Pune
2024-06-28,27.8,23.6,11.5,Pune
2024-06-29,28.4,23.1,1.7,Pune
2024-06-30,27.9,23.4,4.7,Pune
2024-07-01,27.2,22.5,4.9,Pune
2024-07-02,27.4,22.5,11.4,Pune
2024-07-03,27.5,22.9,0.7,Pune
2024-07-04,26.8,23.4,1.0,Pune
2024-07-05,28.0,23.2,4.5,Pune
2024-07-06,27.7,23.0,4.3,Pune
2024-07-07,26.0,22.9,6.4,Pune
2024-07-08,27.0,22.7,63.8,Pune
2024-07-09,27.7,22.1,17.1,Pune
2024-07-10,28.1,22.6,0.7,Pune
2024-07-11,26.9,22.5,12.0,Pune
2024-07-12,26.2,22.9,22.2,Pune
2024-07-13,26.5,22.6,17.9,Pune
2024-07-14,24.3,22.7,74.5,Pune
2024-07-15,28.6,22.5,6.1,Pune
2024-07-16,28.8,22.5,2.5,Pune
2024-07-17,26.9,22.9,11.0,Pune
2024-07-18,26.6,22.9,6.3,Pune
2024-07-19,25.0,23.1,5.8,Pune
2024-07-20,25.9,22.9,21.3,Pune
2024-07-21,26.6,22.9,10.6,Pune
2024-07-22,24.4,22.8,21.3,Pune
2024-07-23,24.0,22.7,21.7,Pune
2024-07-24,24.6,22.5,24.5,Pune
2024-07-25,23.7,21.9,54.9,Pune
2024-07-26,25.1,22.0,15.9,Pune
2024-07-27,25.0,22.8,10.0,Pune
2024-07-28,25.0,22.6,11.4,Pune
2024-07-29,26.2,22.5,13.0,Pune
2024-07-30,27.6,22.4,7.4,Pune
2024-07-31,26.3,22.1,14.7,Pune
2024-08-01,26.6,22.8,2.2,Pune
2024-08-02,26.7,22.0,9.8,Pune
2024-08-03,25.8,22.6,8.2,Pune
2024-08-04,26.0,22.8,28.4,Pune
2024-08-05,26.8,22.6,3.3,Pune
2024-08-06,27.4,22.5,0.7,Pune
2024-08-07,27.0,22.6,2.7,Pune
2024-08-08,27.1,22.2,2.9,Pune
2024-08-09,24.8,22.1,6.4,Pune
2024-08-10,28.5,21.9,4.4,Pune
2024-08-11,27.6,22.0,1.1,Pune
2024-08-12,28.2,21.6,1.2,Pune
2024-08-13,29.5,21.5,0.5,Pune
2024-08-14,29.2,21.1,0.8,Pune
2024-08-15,30.4,21.4,0.3,Pune
2024-08-16,30.3,21.0,1.0,Pune
2024-08-17,28.8,21.4,2.9,Pune
2024-08-18,28.2,23.0,31.0,Pune
2024-08-19,30.2,22.4,8.9,Pune
2024-08-20,29.8,22.5,8.7,Pune
2024-08-21,30.3,22.0,18.1,Pune
2024-08-22,28.9,22.5,16.4,Pune
2024-08-23,27.9,23.0,15.4,Pune
2024-08-24,24.0,22.5,61.8,Pune
2024-08-25,25.3,21.4,24.3,Pune
2024-08-26,24.3,21.1,6.1,Pune
2024-08-27,26.1,21.4,7.9,Pune
2024-08-28,26.6,21.5,4.0,Pune
2024-08-29,27.1,22.1,1.5,Pune
2024-08-30,27.1,22.3,2.2,Pune
2024-08-31,25.6,22.1,9.7,Pune
2024-09-01,25.6,21.6,2.3,Pune
2024-09-02,23.8,22.2,49.4,Pune
2024-09-03,26.4,21.9,10.4,Pune
2024-09-04,26.6,22.5,1.4,Pune
2024-09-05,27.5,22.5,17.8,Pune
2024-09-06,26.4,21.9,1.7,Pune
2024-09-07,27.8,21.7,0.9,Pune
2024-09-08,28.1,22.1,1.8,Pune
2024-09-09,28.1,21.8,2.9,Pune
2024-09-10,27.6,22.4,18.7,Pune
2024-09-11,27.8,22.1,2.3,Pune
2024-09-12,27.5,21.8,0.3,Pune
2024-09-13,27.1,21.1,0.3,Pune
2024-09-14,27.0,20.5,0.9,Pune
2024-09-15,26.8,20.5,1.6,Pune
2024-09-16,28.2,20.0,0.7,Pune
2024-09-17,27.8,20.0,1.3,Pune
2024-09-18,28.5,19.1,0.0,Pune
2024-09-19,29.0,19.3,0.0,Pune
2024-09-20,28.0,20.7,4.4,Pune
2024-09-21,29.5,22.3,7.2,Pune
2024-09-22,29.6,21.3,13.0,Pune
2024-09-23,28.5,22.1,33.5,Pune
2024-09-24,29.5,21.7,19.7,Pune
2024-09-25,27.6,22.4,39.1,Pune
2024-09-26,25.4,21.7,13.3,Pune
2024-09-27,25.6,22.1,2.7,Pune
2024-09-28,27.5,22.2,0.9,Pune
2024-09-29,28.2,21.5,2.0,Pune
2024-09-30,29.8,20.8,0.0,Pune
2024-10-01,30.4,22.0,0.0,Pune
2024-10-02,30.6,22.5,2.5,Pune
2024-10-03,29.8,21.8,2.9,Pune
2024-10-04,28.8,21.0,1.0,Pune
2024-10-05,29.4,20.8,0.0,Pune
2024-10-06,29.5,20.9,1.3,Pune
2024-10-07,30.5,20.6,0.0,Pune
2024-10-08,30.4,20.5,0.4,Pune
2024-10-09,27.8,22.0,3.1,Pune
2024-10-10,29.0,21.1,4.2,Pune
2024-10-11,29.4,21.3,8.2,Pune
2024-10-12,29.8,21.3,5.8,Pune
2024-10-13,29.9,21.3,6.0,Pune
2024-10-14,29.1,20.5,7.0,Pune
2024-10-15,28.9,20.1,1.7,Pune
2024-10-16,29.8,21.2,14.5,Pune
2024-10-17,27.8,22.0,5.5,Pune
2024-10-18,29.0,21.6,17.4,Pune
2024-10-19,29.6,21.2,22.0,Pune
2024-10-20,28.2,21.0,7.4,Pune
2024-10-21,27.2,20.7,6.4,Pune
2024-10-22,28.3,19.8,0.4,Pune
2024-10-23,28.8,19.6,0.0,Pune
2024-10-24,28.7,19.5,0.0,Pune
2024-10-25,29.0,19.7,0.0,Pune
2024-10-26,29.0,18.7,0.0,Pune
2024-10-27,30.5,18.0,0.0,Pune
2024-10-28,30.7,18.9,0.0,Pune
2024-10-29,30.6,18.2,0.0,Pune
2024-10-30,29.5,19.0,0.3,Pune
2024-10-31,30.5,20.6,0.3,Pune
2024-11-01,30.0,20.6,0.1,Pune
2024-11-02,30.1,20.1,0.0,Pune
2024-11-03,30.1,18.5,0.0,Pune
2024-11-04,30.1,18.5,0.0,Pune
2024-11-05,29.7,19.0,0.0,Pune
2024-11-06,30.2,17.9,0.0,Pune
2024-11-07,30.0,19.0,0.0,Pune
2024-11-08,29.6,19.0,0.0,Pune
2024-11-09,29.6,18.4,0.0,Pune
2024-11-10,29.4,19.5,0.0,Pune
2024-11-11,29.1,18.5,0.0,Pune
2024-11-12,29.2,16.4,0.0,Pune
2024-11-13,30.1,17.8,0.0,Pune
2024-11-14,32.0,18.9,0.0,Pune
2024-11-15,31.2,21.5,1.1,Pune
2024-11-16,31.2,22.4,0.1,Pune
2024-11-17,30.9,21.8,0.0,Pune
2024-11-18,28.9,17.8,0.0,Pune
2024-11-19,28.4,16.4,0.0,Pune
2024-11-20,28.0,15.9,0.0,Pune
2024-11-21,29.0,15.9,0.0,Pune
2024-11-22,29.1,15.7,0.0,Pune
2024-11-23,29.5,15.6,0.0,Pune
2024-11-24,28.9,16.8,0.0,Pune
2024-11-25,27.9,15.6,0.0,Pune
2024-11-26,27.4,14.8,0.0,Pune
2024-11-27,27.4,14.4,0.0,Pune
2024-11-28,27.5,14.4,0.0,Pune
2024-11-29,27.0,14.1,0.0,Pune
2024-11-30,27.9,14.0,0.0,Pune
2024-12-01,29.0,16.1,0.0,Pune
2024-12-02,28.9,21.1,0.3,Pune
2024-12-03,29.5,20.6,1.1,Pune
2024-12-04,30.6,21.3,0.9,Pune
2024-12-05,31.4,20.8,0.2,Pune
2024-12-06,31.8,21.3,0.0,Pune
2024-12-07,31.6,21.0,0.0,Pune
2024-12-08,30.1,18.9,0.0,Pune
2024-12-09,29.5,16.0,0.0,Pune
2024-12-10,28.4,15.4,0.0,Pune
2024-12-11,29.3,16.6,0.0,Pune
2024-12-12,28.4,16.2,0.0,Pune
2024-12-13,27.8,15.9,0.0,Pune
2024-12-14,27.6,14.1,0.0,Pune
2024-12-15,27.9,13.1,0.0,Pune
2024-12-16,27.8,12.4,0.0,Pune
2024-12-17,28.5,12.1,0.0,Pune
2024-12-18,28.8,12.4,0.0,Pune
2024-12-19,29.6,12.6,0.0,Pune
2024-12-20,30.0,15.5,0.0,Pune
2024-12-21,30.2,16.2,0.0,Pune
2024-12-22,29.5,17.6,0.0,Pune
2024-12-23,27.9,17.1,0.1,Pune
2024-12-24,28.1,17.4,0.3,Pune
2024-12-25,30.0,17.4,0.1,Pune
2024-12-26,30.1,19.6,0.2,Pune
2024-12-27,29.9,19.6,0.7,Pune
2024-12-28,29.7,19.1,1.8,Pune
2024-12-29,30.6,19.2,0.2,Pune
2024-12-30,30.6,19.4,0.0,Pune
2024-12-31,30.2,18.5,0.0,Pune
2024-01-01,28.2,15.4,0.0,Ahmedabad
2024-01-02,27.9,15.9,0.0,Ahmedabad
2024-01-03,26.9,14.9,0.0,Ahmedabad
2024-01-04,26.4,14.4,0.0,Ahmedabad
2024-01-05,25.9,13.6,0.0,Ahmedabad
2024-01-06,26.1,14.2,0.0,Ahmedabad
2024-01-07,26.5,15.1,0.0,Ahmedabad
2024-01-08,27.5,17.0,0.0,Ahmedabad
2024-01-09,27.9,18.0,0.0,Ahmedabad
2024-01-10,27.9,18.0,0.0,Ahmedabad
2024-01-11,28.6,16.6,0.0,Ahmedabad
2024-01-12,28.9,15.5,0.0,Ahmedabad
2024-01-13,28.8,15.3,0.0,Ahmedabad
2024-01-14,27.6,12.6,0.0,Ahmedabad
2024-01-15,26.6,11.9,0.0,Ahmedabad
2024-01-16,26.5,11.8,0.0,Ahmedabad
2024-01-17,26.5,12.7,0.0,Ahmedabad
2024-01-18,27.6,13.6,0.0,Ahmedabad
2024-01-19,27.2,15.4,0.0,Ahmedabad
2024-01-20,26.8,13.9,0.0,Ahmedabad
2024-01-21,26.7,14.1,0.0,Ahmedabad
2024-01-22,27.0,13.1,0.0,Ahmedabad
2024-01-23,27.2,12.1,0.0,Ahmedabad
2024-01-24,27.1,13.6,0.0,Ahmedabad
2024-01-25,27.5,12.6,0.0,Ahmedabad
2024-01-26,27.9,13.3,0.0,Ahmedabad
2024-01-27,29.2,13.5,0.0,Ahmedabad
2024-01-28,29.6,12.7,0.0,Ahmedabad
2024-01-29,27.9,13.9,0.0,Ahmedabad
2024-01-30,29.0,14.1,0.0,Ahmedabad
2024-01-31,29.1,15.6,0.0,Ahmedabad
2024-02-01,29.0,18.2,0.0,Ahmedabad
2024-02-02,29.6,16.0,0.0,Ahmedabad
2024-02-03,31.9,16.6,0.0,Ahmedabad
2024-02-04,32.8,17.5,0.0,Ahmedabad
2024-02-05,30.0,18.6,0.0,Ahmedabad
2024-02-06,30.5,18.4,0.0,Ahmedabad
2024-02-07,30.3,17.6,0.0,Ahmedabad
2024-02-08,28.0,18.7,0.0,Ahmedabad
2024-02-09,28.5,15.7,0.0,Ahmedabad
2024-02-10,29.5,15.5,0.0,Ahmedabad
2024-02-11,29.5,16.4,0.0,Ahmedabad
2024-02-12,29.4,16.8,0.0,Ahmedabad
2024-02-13,29.6,17.5,0.0,Ahmedabad
2024-02-14,30.1,17.0,0.0,Ahmedabad
2024-02-15,32.0,19.0,0.0,Ahmedabad
2024-02-16,33.9,20.0,0.0,Ahmedabad
2024-02-17,34.7,20.5,0.0,Ahmedabad
2024-02-18,34.2,18.4,0.0,Ahmedabad
2024-02-19,34.3,19.5,0.0,Ahmedabad
2024-02-20,32.4,19.1,0.0,Ahmedabad
2024-02-21,30.4,20.9,0.1,Ahmedabad
2024-02-22,29.9,19.2,0.0,Ahmedabad
2024-02-23,29.8,15.9,0.0,Ahmedabad
2024-02-24,30.6,15.6,0.0,Ahmedabad
2024-02-25,31.4,15.5,0.0,Ahmedabad
2024-02-26,33.0,20.0,0.0,Ahmedabad
2024-02-27,34.7,20.0,0.0,Ahmedabad
2024-02-28,34.1,20.2,0.0,Ahmedabad
2024-02-29,37.0,21.0,0.0,Ahmedabad
2024-03-01,36.9,21.4,0.0,Ahmedabad
2024-03-02,30.0,21.1,4.6,Ahmedabad
2024-03-03,25.3,14.6,0.0,Ahmedabad
2024-03-04,27.6,13.6,0.0,Ahmedabad
2024-03-05,30.4,14.6,0.0,Ahmedabad
2024-03-06,31.8,15.4,0.0,Ahmedabad
2024-03-07,32.2,16.4,0.0,Ahmedabad
2024-03-08,32.5,16.6,0.0,Ahmedabad
2024-03-09,32.3,17.2,0.0,Ahmedabad
2024-03-10,33.9,19.0,0.0,Ahmedabad
2024-03-11,35.1,19.8,0.0,Ahmedabad
2024-03-12,34.9,22.9,0.0,Ahmedabad
2024-03-13,34.3,20.4,0.0,Ahmedabad
2024-03-14,33.5,20.5,0.0,Ahmedabad
2024-03-15,34.1,18.0,0.0,Ahmedabad
2024-03-16,35.1,19.3,0.0,Ahmedabad
2024-03-17,35.8,21.6,0.0,Ahmedabad
2024-03-18,36.2,21.6,0.0,Ahmedabad
2024-03-19,36.9,19.9,0.0,Ahmedabad
2024-03-20,38.2,21.0,0.0,Ahmedabad
2024-03-21,38.0,22.2,0.0,Ahmedabad
2024-03-22,38.2,20.5,0.0,Ahmedabad
2024-03-23,38.5,21.8,0.0,Ahmedabad
2024-03-24,37.3,24.2,0.0,Ahmedabad
2024-03-25,38.8,23.1,0.0,Ahmedabad
2024-03-26,40.0,23.6,0.0,Ahmedabad
2024-03-27,40.8,25.8,0.0,Ahmedabad
2024-03-28,40.3,26.5,0.0,Ahmedabad
2024-03-29,39.8,25.8,0.0,Ahmedabad
2024-03-30,37.9,25.5,0.0,Ahmedabad
2024-03-31,37.1,23.8,0.0,Ahmedabad
2024-04-01,38.0,23.8,0.0,Ahmedabad
2024-04-02,37.5,23.3,0.0,Ahmedabad
2024-04-03,37.2,23.8,0.0,Ahmedabad
2024-04-04,37.5,25.4,0.0,Ahmedabad
2024-04-05,37.5,24.7,0.0,Ahmedabad
2024-04-06,37.9,26.6,0.0,Ahmedabad
2024-04-07,38.8,24.2,0.0,Ahmedabad
2024-04-08,40.0,24.6,0.0,Ahmedabad
2024-04-09,41.0,23.5,0.0,Ahmedabad
2024-04-10,40.0,25.6,0.0,Ahmedabad
2024-04-11,40.5,25.6,0.0,Ahmedabad
2024-04-12,38.9,25.7,0.0,Ahmedabad
2024-04-13,38.7,23.2,0.0,Ahmedabad
2024-04-14,39.5,27.0,0.2,Ahmedabad
2024-04-15,40.8,27.0,0.0,Ahmedabad
2024-04-16,41.2,27.5,0.0,Ahmedabad
2024-04-17,42.9,27.5,0.0,Ahmedabad
2024-04-18,41.6,28.5,0.0,Ahmedabad
2024-04-19,39.7,27.5,0.0,Ahmedabad
2024-04-20,37.9,25.7,0.0,Ahmedabad
2024-04-21,38.2,25.5,0.0,Ahmedabad
2024-04-22,38.5,25.4,0.0,Ahmedabad
2024-04-23,39.4,24.6,0.0,Ahmedabad
2024-04-24,40.9,26.1,0.0,Ahmedabad
2024-04-25,40.8,27.0,0.0,Ahmedabad
2024-04-26,40.3,25.6,0.1,Ahmedabad
2024-04-27,39.8,27.6,0.0,Ahmedabad
2024-04-28,40.8,28.6,0.0,Ahmedabad
2024-04-29,40.7,28.5,0.0,Ahmedabad
2024-04-30,40.5,26.4,0.0,Ahmedabad
2024-05-01,40.8,25.4,0.0,Ahmedabad
2024-05-02,40.3,24.5,0.0,Ahmedabad
2024-05-03,42.0,25.8,0.0,Ahmedabad
2024-05-04,41.4,29.0,0.0,Ahmedabad
2024-05-05,39.5,30.0,0.0,Ahmedabad
2024-05-06,41.0,27.1,0.0,Ahmedabad
2024-05-07,43.0,27.6,0.0,Ahmedabad
2024-05-08,42.7,28.6,0.0,Ahmedabad
2024-05-09,42.3,28.9,0.0,Ahmedabad
2024-05-10,42.2,28.9,0.0,Ahmedabad
2024-05-11,41.0,28.8,0.0,Ahmedabad
2024-05-12,41.7,29.1,0.2,Ahmedabad
2024-05-13,39.5,29.1,0.0,Ahmedabad
2024-05-14,40.0,27.5,0.3,Ahmedabad
2024-05-15,41.0,27.4,0.0,Ahmedabad
2024-05-16,42.7,29.4,0.0,Ahmedabad
2024-05-17,45.0,30.8,0.0,Ahmedabad
2024-05-18,45.4,29.2,0.0,Ahmedabad
2024-05-19,45.5,31.5,0.0,Ahmedabad
2024-05-20,44.7,31.4,0.0,Ahmedabad
2024-05-21,45.2,30.8,0.0,Ahmedabad
2024-05-22,45.9,30.4,0.0,Ahmedabad
2024-05-23,46.5,31.0,0.0,Ahmedabad
2024-05-24,45.8,30.4,0.0,Ahmedabad
2024-05-25,44.5,29.1,0.0,Ahmedabad
2024-05-26,43.9,30.9,0.0,Ahmedabad
2024-05-27,44.3,29.4,0.0,Ahmedabad
2024-05-28,44.2,29.0,0.0,Ahmedabad
2024-05-29,42.9,29.0,0.0,Ahmedabad
2024-05-30,42.5,28.4,0.0,Ahmedabad
2024-05-31,41.8,29.2,0.0,Ahmedabad
2024-06-01,41.9,29.5,0.0,Ahmedabad
2024-06-02,41.6,29.4,0.0,Ahmedabad
2024-06-03,41.3,29.2,0.1,Ahmedabad
2024-06-04,40.9,29.6,0.0,Ahmedabad
2024-06-05,41.3,29.1,0.0,Ahmedabad
2024-06-06,41.5,28.6,0.0,Ahmedabad
2024-06-07,41.6,29.6,0.0,Ahmedabad
2024-06-08,40.9,29.5,0.0,Ahmedabad
2024-06-09,42.2,30.5,0.0,Ahmedabad
2024-06-10,40.8,30.0,0.0,Ahmedabad
2024-06-11,41.2,29.0,0.0,Ahmedabad
2024-06-12,40.8,28.1,0.0,Ahmedabad
2024-06-13,41.2,28.7,0.0,Ahmedabad
2024-06-14,40.7,29.4,0.0,Ahmedabad
2024-06-15,39.9,29.5,0.0,Ahmedabad
2024-06-16,41.0,29.9,0.0,Ahmedabad
2024-06-17,40.9,30.0,0.0,Ahmedabad
2024-06-18,40.0,30.6,0.5,Ahmedabad
2024-06-19,40.5,30.0,0.8,Ahmedabad
2024-06-20,41.8,29.9,0.0,Ahmedabad
2024-06-21,41.2,29.7,0.1,Ahmedabad
2024-06-22,40.2,30.0,0.0,Ahmedabad
2024-06-23,41.7,30.4,0.4,Ahmedabad
2024-06-24,40.0,29.8,7.5,Ahmedabad
2024-06-25,35.1,27.1,2.3,Ahmedabad
2024-06-26,37.2,28.5,0.3,Ahmedabad
2024-06-27,35.0,28.5,0.2,Ahmedabad
2024-06-28,32.5,27.6,8.2,Ahmedabad
2024-06-29,31.5,26.8,15.6,Ahmedabad
2024-06-30,31.1,26.5,34.6,Ahmedabad
2024-07-01,28.5,25.8,28.6,Ahmedabad
2024-07-02,29.4,25.5,43.7,Ahmedabad
2024-07-03,33.5,26.5,12.5,Ahmedabad
2024-07-04,33.3,27.5,0.5,Ahmedabad
2024-07-05,30.6,26.0,14.9,Ahmedabad
2024-07-06,32.8,26.2,0.7,Ahmedabad
2024-07-07,33.2,26.9,2.4,Ahmedabad
2024-07-08,33.2,26.5,2.9,Ahmedabad
2024-07-09,32.7,26.9,12.9,Ahmedabad
2024-07-10,32.7,26.0,0.1,Ahmedabad
2024-07-11,32.8,27.1,10.3,Ahmedabad
2024-07-12,32.7,26.0,5.3,Ahmedabad
2024-07-13,33.0,25.8,2.5,Ahmedabad
2024-07-14,33.1,26.8,1.4,Ahmedabad
2024-07-15,30.7,26.5,29.3,Ahmedabad
2024-07-16,32.8,25.6,30.6,Ahmedabad
2024-07-17,32.8,26.5,1.2,Ahmedabad
2024-07-18,33.6,26.6,17.6,Ahmedabad
2024-07-19,31.6,26.9,3.0,Ahmedabad
2024-07-20,32.4,26.4,1.5,Ahmedabad
2024-07-21,33.0,26.2,0.5,Ahmedabad
2024-07-22,30.8,26.7,7.0,Ahmedabad
2024-07-23,31.7,26.5,3.5,Ahmedabad
2024-07-24,29.3,26.1,15.5,Ahmedabad
2024-07-25,30.4,25.9,21.8,Ahmedabad
2024-07-26,31.0,25.8,2.5,Ahmedabad
2024-07-27,30.3,26.0,9.0,Ahmedabad
2024-07-28,31.4,25.8,9.4,Ahmedabad
2024-07-29,28.1,25.9,128.3,Ahmedabad
2024-07-30,31.5,25.9,8.0,Ahmedabad
2024-07-31,32.4,25.4,2.5,Ahmedabad
2024-08-01,30.8,26.0,12.9,Ahmedabad
2024-08-02,29.0,25.6,8.6,Ahmedabad
2024-08-03,29.0,25.5,44.1,Ahmedabad
2024-08-04,30.0,25.8,4.6,Ahmedabad
2024-08-05,29.3,25.5,3.9,Ahmedabad
2024-08-06,31.3,25.5,2.3,Ahmedabad
2024-08-07,31.6,25.2,2.3,Ahmedabad
2024-08-08,31.0,24.6,2.7,Ahmedabad
2024-08-09,29.9,25.0,16.7,Ahmedabad
2024-08-10,29.6,25.5,24.3,Ahmedabad
2024-08-11,29.0,25.0,4.5,Ahmedabad
2024-08-12,30.5,25.0,7.9,Ahmedabad
2024-08-13,31.0,25.6,4.9,Ahmedabad
2024-08-14,31.4,26.0,2.6,Ahmedabad
2024-08-15,31.0,25.6,0.6,Ahmedabad
2024-08-16,31.6,25.8,5.4,Ahmedabad
2024-08-17,32.2,25.2,1.1,Ahmedabad
2024-08-18,32.7,25.6,0.6,Ahmedabad
2024-08-19,32.5,26.0,1.3,Ahmedabad
2024-08-20,31.0,26.4,2.3,Ahmedabad
2024-08-21,31.9,26.1,1.0,Ahmedabad
2024-08-22,32.0,26.3,5.2,Ahmedabad
2024-08-23,30.5,26.1,40.9,Ahmedabad
2024-08-24,26.9,25.4,28.4,Ahmedabad
2024-08-25,29.6,24.6,39.3,Ahmedabad
2024-08-26,29.2,25.0,105.1,Ahmedabad
2024-08-27,26.3,24.5,80.1,Ahmedabad
2024-08-28,29.5,25.0,23.4,Ahmedabad
2024-08-29,31.0,25.5,5.9,Ahmedabad
2024-08-30,30.5,25.1,2.5,Ahmedabad
2024-08-31,32.2,24.2,0.0,Ahmedabad
2024-09-01,32.0,24.9,0.8,Ahmedabad
2024-09-02,30.8,25.8,22.2,Ahmedabad
2024-09-03,29.0,25.0,54.4,Ahmedabad
2024-09-04,29.4,24.0,2.1,Ahmedabad
2024-09-05,30.5,24.9,19.8,Ahmedabad
2024-09-06,30.8,24.2,28.7,Ahmedabad
2024-09-07,31.2,24.5,1.4,Ahmedabad
2024-09-08,30.9,25.0,8.9,Ahmedabad
2024-09-09,31.7,25.1,14.1,Ahmedabad
2024-09-10,31.4,25.2,2.8,Ahmedabad
2024-09-11,30.6,24.5,26.8,Ahmedabad
2024-09-12,32.0,25.2,0.1,Ahmedabad
2024-09-13,31.1,24.4,0.2,Ahmedabad
2024-09-14,30.5,22.9,2.4,Ahmedabad
2024-09-15,30.8,22.9,1.5,Ahmedabad
2024-09-16,31.2,22.4,0.0,Ahmedabad
2024-09-17,31.2,23.2,0.2,Ahmedabad
2024-09-18,32.1,24.6,0.0,Ahmedabad
2024-09-19,32.6,24.0,0.0,Ahmedabad
2024-09-20,32.9,24.5,0.0,Ahmedabad
2024-09-21,31.8,25.5,0.1,Ahmedabad
2024-09-22,33.0,25.5,0.1,Ahmedabad
2024-09-23,33.5,26.2,0.0,Ahmedabad
2024-09-24,33.5,25.8,3.9,Ahmedabad
2024-09-25,33.0,26.4,5.1,Ahmedabad
2024-09-26,31.5,25.0,14.4,Ahmedabad
2024-09-27,30.2,25.0,20.0,Ahmedabad
2024-09-28,30.0,25.0,38.6,Ahmedabad
2024-09-29,29.7,24.7,4.0,Ahmedabad
2024-09-30,32.0,24.1,1.9,Ahmedabad
2024-10-01,33.4,25.6,0.1,Ahmedabad
2024-10-02,33.5,25.8,0.0,Ahmedabad
2024-10-03,32.5,24.9,0.0,Ahmedabad
2024-10-04,31.6,24.5,0.3,Ahmedabad
2024-10-05,31.9,24.0,0.1,Ahmedabad
2024-10-06,32.2,23.0,0.0,Ahmedabad
2024-10-07,34.4,23.8,0.0,Ahmedabad
2024-10-08,34.4,23.9,0.0,Ahmedabad
2024-10-09,34.2,23.0,0.0,Ahmedabad
2024-10-10,29.4,23.8,13.7,Ahmedabad
2024-10-11,30.6,25.4,0.1,Ahmedabad
2024-10-12,31.8,24.5,8.4,Ahmedabad
2024-10-13,31.4,24.5,15.2,Ahmedabad
2024-10-14,31.4,24.4,0.1,Ahmedabad
2024-10-15,32.9,24.9,0.5,Ahmedabad
2024-10-16,33.0,25.1,5.8,Ahmedabad
2024-10-17,33.6,24.6,0.0,Ahmedabad
2024-10-18,33.8,24.5,0.0,Ahmedabad
2024-10-19,32.3,24.8,8.5,Ahmedabad
2024-10-20,31.9,24.4,0.0,Ahmedabad
2024-10-21,30.9,24.6,6.6,Ahmedabad
2024-10-22,32.3,22.4,9.7,Ahmedabad
2024-10-23,33.3,23.8,0.0,Ahmedabad
2024-10-24,33.8,23.1,0.0,Ahmedabad
2024-10-25,33.6,21.0,0.0,Ahmedabad
2024-10-26,34.2,19.8,0.0,Ahmedabad
2024-10-27,35.7,20.9,0.0,Ahmedabad
2024-10-28,36.0,21.5,0.0,Ahmedabad
2024-10-29,36.8,23.5,0.0,Ahmedabad
2024-10-30,36.3,22.0,0.0,Ahmedabad
2024-10-31,35.9,22.1,0.0,Ahmedabad
2024-11-01,35.8,21.8,0.0,Ahmedabad
2024-11-02,34.8,20.0,0.0,Ahmedabad
2024-11-03,35.0,20.2,0.0,Ahmedabad
2024-11-04,34.9,21.8,0.0,Ahmedabad
2024-11-05,35.0,21.8,0.0,Ahmedabad
2024-11-06,34.5,22.0,0.0,Ahmedabad
2024-11-07,34.3,21.9,0.0,Ahmedabad
2024-11-08,34.3,21.6,0.0,Ahmedabad
2024-11-09,34.2,21.7,0.0,Ahmedabad
2024-11-10,34.2,21.4,0.0,Ahmedabad
2024-11-11,33.5,20.4,0.0,Ahmedabad
2024-11-12,33.4,20.0,0.0,Ahmedabad
2024-11-13,33.1,22.5,0.0,Ahmedabad
2024-11-14,33.0,21.8,0.0,Ahmedabad
2024-11-15,32.6,20.8,0.0,Ahmedabad
2024-11-16,32.5,21.5,0.0,Ahmedabad
2024-11-17,32.8,21.1,0.0,Ahmedabad
2024-11-18,32.0,20.9,0.0,Ahmedabad
2024-11-19,31.4,20.4,0.0,Ahmedabad
2024-11-20,30.7,20.2,0.0,Ahmedabad
2024-11-21,30.0,18.8,0.0,Ahmedabad
2024-11-22,29.2,17.5,0.0,Ahmedabad
2024-11-23,29.7,17.6,0.0,Ahmedabad
2024-11-24,30.1,18.0,0.0,Ahmedabad
2024-11-25,30.0,19.0,0.0,Ahmedabad
2024-11-26,30.5,18.1,0.0,Ahmedabad
2024-11-27,30.5,18.6,0.0,Ahmedabad
2024-11-28,30.4,18.5,0.0,Ahmedabad
2024-11-29,28.6,19.1,0.0,Ahmedabad
2024-11-30,27.9,17.2,0.0,Ahmedabad
2024-12-01,28.1,16.6,0.0,Ahmedabad
2024-12-02,29.3,17.1,0.0,Ahmedabad
2024-12-03,31.0,20.0,0.0,Ahmedabad
2024-12-04,31.3,21.0,0.0,Ahmedabad
2024-12-05,31.3,21.1,0.0,Ahmedabad
2024-12-06,30.2,18.8,0.0,Ahmedabad
2024-12-07,28.9,17.5,0.0,Ahmedabad
2024-12-08,28.5,17.3,0.0,Ahmedabad
2024-12-09,26.7,14.6,0.0,Ahmedabad
2024-12-10,25.4,14.4,0.0,Ahmedabad
2024-12-11,26.6,14.6,0.0,Ahmedabad
2024-12-12,26.9,14.9,0.0,Ahmedabad
2024-12-13,25.7,14.7,0.0,Ahmedabad
2024-12-14,26.3,13.9,0.0,Ahmedabad
2024-12-15,27.9,14.2,0.0,Ahmedabad
2024-12-16,28.6,14.9,0.0,Ahmedabad
2024-12-17,28.4,14.4,0.0,Ahmedabad
2024-12-18,29.1,15.9,0.0,Ahmedabad
2024-12-19,28.9,15.8,0.0,Ahmedabad
2024-12-20,27.4,15.7,0.0,Ahmedabad
2024-12-21,29.6,16.9,0.0,Ahmedabad
2024-12-22,27.6,18.8,0.0,Ahmedabad
2024-12-23,26.4,18.1,0.0,Ahmedabad
2024-12-24,25.9,14.3,0.0,Ahmedabad
2024-12-25,28.2,16.8,0.0,Ahmedabad
2024-12-26,29.5,19.6,0.1,Ahmedabad
2024-12-27,28.2,20.7,0.0,Ahmedabad
2024-12-28,26.7,17.2,0.0,Ahmedabad
2024-12-29,27.0,16.6,0.0,Ahmedabad
2024-12-30,27.0,15.4,0.0,Ahmedabad
2024-12-31,28.3,15.7,0.0,Ahmedabad
